Count,Name,Position X,Position Y,Layer,File Name,Title,Point Link
1,GFX_LINKED-11999,674.5000,-438.5000,DUCT DETECTOR,X-5TH FLOOR.dwg,,3:M4-30-0
1,GFX_GROUP-11999,674.5000,-438.5000,BACKGROUND,X-5TH FLOOR.dwg,,
1,GFX_GROUP-8905,682.5000,-98.5000,BACKGROUND,X-5TH FLOOR.dwg,,
1,GFX_GROUP-11996,636.5000,-98.5000,BACKGROUND,X-5TH FLOOR.dwg,,
1,GFX_LINKED-8905,682.5000,-98.5000,DUCT DETECTOR,X-5TH FLOOR.dwg,,3:M4-13-0
1,GFX_GROUP-44430,733.5000,-429.5000,BACKGROUND,X-5TH FLOOR.dwg,,
1,GFX_LINKED-44448,767.5000,-429.5000,DUCT DETECTOR,X-5TH FLOOR.dwg,,3:M4-34-0
1,GFX_LINKED-44430,733.5000,-429.5000,DUCT DETECTOR,X-5TH FLOOR.dwg,,3:M4-33-0
1,GFX_LINKED-12002,700.5000,-458.5000,DUCT DETECTOR,X-5TH FLOOR.dwg,,3:M4-31-0
1,GFX_GROUP-12002,700.5000,-458.5000,BACKGROUND,X-5TH FLOOR.dwg,,
1,GFX_LINKED-11996,636.5000,-98.5000,DUCT DETECTOR,X-5TH FLOOR.dwg,,3:M4-12-0
1,GFX_GROUP-11123,2216.0000,90.0000,BACKGROUND,X-5TH FLOOR.dwg,,
1,GFX_LINKED-8911,636.5000,-18.5000,DUCT DETECTOR,X-5TH FLOOR.dwg,,3:M4-9-0
1,GFX_LINKED-11123,2216.0000,90.0000,TAMPER SWITCH,X-5TH FLOOR.dwg,,3:M5-93-0
1,GFX_LINKED-3396,2488.5000,21.5000,DUCT DETECTOR,X-5TH FLOOR.dwg,,3:M5-72-0
1,GFX_GROUP-3396,2488.5000,21.5000,BACKGROUND,X-5TH FLOOR.dwg,,
1,GFX_LINKED-11969,660.5000,-40.5000,SMOKE DETECTOR,X-5TH FLOOR.dwg,,3:M4-11-0
1,GFX_GROUP-11969,660.5000,-40.5000,BACKGROUND,X-5TH FLOOR.dwg,,
1,GFX_GROUP-8899,682.5000,-18.5000,BACKGROUND,X-5TH FLOOR.dwg,,
1,GFX_GROUP-8911,636.5000,-18.5000,BACKGROUND,X-5TH FLOOR.dwg,,
1,GFX_LINKED-8899,682.5000,-18.5000,DUCT DETECTOR,X-5TH FLOOR.dwg,,3:M4-10-0
1,GFX_GROUP-44460,1127.5000,-149.5000,BACKGROUND,X-5TH FLOOR.dwg,,
1,GFX_LINKED-44436,1238.5000,-284.5000,SMOKE DETECTOR,X-5TH FLOOR.dwg,,3:M4-24-0
1,GFX_LINKED-44460,1127.5000,-149.5000,DUCT DETECTOR,X-5TH FLOOR.dwg,,3:M4-22-0
1,GFX_LINKED-44466,1067.5000,-209.5000,DUCT DETECTOR,X-5TH FLOOR.dwg,,3:M4-21-0
1,GFX_GROUP-44466,1067.5000,-209.5000,BACKGROUND,X-5TH FLOOR.dwg,,
1,GFX_LINKED-12590,1165.5000,-350.5000,SMOKE DETECTOR,X-5TH FLOOR.dwg,,3:M4-53-0
1,GFX_GROUP-12590,1165.5000,-350.5000,BACKGROUND,X-5TH FLOOR.dwg,,
1,GFX_GROUP-35512,1287.0000,-332.0000,BACKGROUND,X-5TH FLOOR.dwg,,
1,GFX_GROUP-44436,1238.5000,-284.5000,BACKGROUND,X-5TH FLOOR.dwg,,
1,GFX_LINKED-35512,1287.0000,-332.0000,PULL STATION,X-5TH FLOOR.dwg,,3:M4-27-0
1,GFX_GROUP-44484,1120.5000,-205.5000,BACKGROUND,X-5TH FLOOR.dwg,,
1,GFX_LINKED-44454,927.5000,-289.5000,DUCT DETECTOR,X-5TH FLOOR.dwg,,3:M4-17-0
1,GFX_GROUP-44454,927.5000,-289.5000,BACKGROUND,X-5TH FLOOR.dwg,,
1,GFX_GROUP-44424,738.5000,-460.5000,BACKGROUND,X-5TH FLOOR.dwg,,
1,GFX_GROUP-44448,767.5000,-429.5000,BACKGROUND,X-5TH FLOOR.dwg,,
1,GFX_LINKED-44424,738.5000,-460.5000,SMOKE DETECTOR,X-5TH FLOOR.dwg,,3:M4-32-0
1,GFX_GROUP-44478,1107.5000,-249.5000,BACKGROUND,X-5TH FLOOR.dwg,,
1,GFX_LINKED-44484,1120.5000,-205.5000,DUCT DETECTOR,X-5TH FLOOR.dwg,,3:M4-20-0
1,GFX_LINKED-44478,1107.5000,-249.5000,DUCT DETECTOR,X-5TH FLOOR.dwg,,3:M4-19-0
1,GFX_LINKED-22730,927.5000,-329.5000,DUCT DETECTOR,X-5TH FLOOR.dwg,,3:M4-16-0
1,GFX_GROUP-22730,927.5000,-329.5000,BACKGROUND,X-5TH FLOOR.dwg,,
1,GFX_GROUP-12950,2488.5000,61.5000,BACKGROUND,X-5TH FLOOR.dwg,,
1,GFX_LINKED-35407,2032.5000,21.5000,DUCT DETECTOR,X-5TH FLOOR.dwg,,3:M5-59-0
1,GFX_GROUP-35407,2032.5000,21.5000,BACKGROUND,X-5TH FLOOR.dwg,,
1,GFX_GROUP-35413,2032.5000,54.5000,BACKGROUND,X-5TH FLOOR.dwg,,
1,GFX_GROUP-35401,2032.5000,81.5000,BACKGROUND,X-5TH FLOOR.dwg,,
1,GFX_LINKED-35413,2032.5000,54.5000,DUCT DETECTOR,X-5TH FLOOR.dwg,,3:M5-61-0
1,GFX_LINKED-12962,2210.5000,201.5000,DUCT DETECTOR,X-5TH FLOOR.dwg,,3:M5-64-0
1,GFX_GROUP-12962,2210.5000,201.5000,BACKGROUND,X-5TH FLOOR.dwg,,
1,GFX_GROUP-12911,2154.0000,0.0000,BACKGROUND,X-5TH FLOOR.dwg,,
1,GFX_LINKED-9814,2047.0000,116.0000,PULL STATION,X-5TH FLOOR.dwg,,3:M5-102-0
1,GFX_GROUP-9814,2047.0000,116.0000,BACKGROUND,X-5TH FLOOR.dwg,,
1,GFX_LINKED-35401,2032.5000,81.5000,DUCT DETECTOR,X-5TH FLOOR.dwg,,3:M5-58-0
1,GFX_GROUP-48815,1329.0000,220.0000,BACKGROUND,X-5TH FLOOR.dwg,,
1,GFX_LINKED-34078,2136.5000,239.5000,SMOKE DETECTOR,X-5TH FLOOR.dwg,,3:M5-62-0
1,GFX_LINKED-48815,1329.0000,220.0000,TAMPER SWITCH,X-5TH FLOOR.dwg,,3:M4-49-0
1,GFX_LINKED-45123,1305.0000,220.0000,WATER FLOW,X-5TH FLOOR.dwg,,3:M4-48-0
1,GFX_GROUP-45123,1305.0000,220.0000,BACKGROUND,X-5TH FLOOR.dwg,,
1,GFX_LINKED-35395,2087.5000,92.5000,DUCT DETECTOR,X-5TH FLOOR.dwg,,3:M5-88-0
1,GFX_GROUP-35395,2087.5000,92.5000,BACKGROUND,X-5TH FLOOR.dwg,,
1,GFX_GROUP-34075,2088.5000,121.5000,BACKGROUND,X-5TH FLOOR.dwg,,
1,GFX_GROUP-34078,2136.5000,239.5000,BACKGROUND,X-5TH FLOOR.dwg,,
1,GFX_LINKED-34075,2088.5000,121.5000,DUCT DETECTOR,X-5TH FLOOR.dwg,,3:M5-60-0
1,GFX_LINKED-12986,2450.5000,21.5000,DUCT DETECTOR,X-5TH FLOOR.dwg,,3:M5-75-0
1,GFX_GROUP-12986,2450.5000,21.5000,BACKGROUND,X-5TH FLOOR.dwg,,
1,GFX_GROUP-12992,2450.5000,101.5000,BACKGROUND,X-5TH FLOOR.dwg,,
1,GFX_GROUP-11129,2191.0000,90.0000,BACKGROUND,X-5TH FLOOR.dwg,,
1,GFX_LINKED-12992,2450.5000,101.5000,DUCT DETECTOR,X-5TH FLOOR.dwg,,3:M5-73-0
1,GFX_GROUP-12197,2490.5000,106.5000,BACKGROUND,X-5TH FLOOR.dwg,,
1,GFX_LINKED-12950,2488.5000,61.5000,DUCT DETECTOR,X-5TH FLOOR.dwg,,3:M5-71-0
1,GFX_LINKED-12197,2490.5000,106.5000,DUCT DETECTOR,X-5TH FLOOR.dwg,,3:M5-70-0
1,GFX_LINKED-12983,2450.5000,61.5000,DUCT DETECTOR,X-5TH FLOOR.dwg,,3:M5-74-0
1,GFX_GROUP-12983,2450.5000,61.5000,BACKGROUND,X-5TH FLOOR.dwg,,
1,GFX_LINKED-11129,2191.0000,90.0000,WATER FLOW,X-5TH FLOOR.dwg,,3:M5-94-0
1,GFX_GROUP-12974,2270.5000,201.5000,BACKGROUND,X-5TH FLOOR.dwg,,
1,GFX_LINKED-12959,2310.5000,221.5000,DUCT DETECTOR,X-5TH FLOOR.dwg,,3:M5-66-0
1,GFX_LINKED-12974,2270.5000,201.5000,DUCT DETECTOR,X-5TH FLOOR.dwg,,3:M5-65-0
1,GFX_LINKED-37943,2214.5000,239.5000,SMOKE DETECTOR,X-5TH FLOOR.dwg,,3:M5-63-0
1,GFX_GROUP-37943,2214.5000,239.5000,BACKGROUND,X-5TH FLOOR.dwg,,
1,GFX_LINKED-11132,2554.5000,119.5000,SMOKE DETECTOR,X-5TH FLOOR.dwg,,3:M5-69-0
1,GFX_GROUP-11132,2554.5000,119.5000,BACKGROUND,X-5TH FLOOR.dwg,,
1,GFX_GROUP-13004,2554.5000,199.5000,BACKGROUND,X-5TH FLOOR.dwg,,
1,GFX_GROUP-12959,2310.5000,221.5000,BACKGROUND,X-5TH FLOOR.dwg,,
1,GFX_LINKED-13004,2554.5000,199.5000,SMOKE DETECTOR,X-5TH FLOOR.dwg,,3:M5-68-0
1,GFX_LINKED-28620,2543.5000,-169.5000,DUCT DETECTOR,X-5TH FLOOR.dwg,,3:M5-80-0
1,GFX_GROUP-28620,2543.5000,-169.5000,BACKGROUND,X-5TH FLOOR.dwg,,
1,GFX_GROUP-28626,2543.5000,-129.5000,BACKGROUND,X-5TH FLOOR.dwg,,
1,GFX_GROUP-28650,2269.5000,-269.5000,BACKGROUND,X-5TH FLOOR.dwg,,
1,GFX_LINKED-28626,2543.5000,-129.5000,DUCT DETECTOR,X-5TH FLOOR.dwg,,3:M5-79-0
1,GFX_GROUP-28584,2543.5000,-289.5000,BACKGROUND,X-5TH FLOOR.dwg,,
1,GFX_LINKED-28578,2701.5000,-315.5000,SMOKE DETECTOR,X-5TH FLOOR.dwg,,3:M5-89-0
1,GFX_LINKED-28584,2543.5000,-289.5000,DUCT DETECTOR,X-5TH FLOOR.dwg,,3:M5-82-0
1,GFX_LINKED-28614,2543.5000,-209.5000,DUCT DETECTOR,X-5TH FLOOR.dwg,,3:M5-81-0
1,GFX_GROUP-28614,2543.5000,-209.5000,BACKGROUND,X-5TH FLOOR.dwg,,
1,GFX_LINKED-28650,2269.5000,-269.5000,DUCT DETECTOR,X-5TH FLOOR.dwg,,3:M5-84-0
1,GFX_GROUP-28715,2154.0000,-480.0000,BACKGROUND,X-5TH FLOOR.dwg,,
1,GFX_LINKED-28632,2443.5000,-89.5000,DUCT DETECTOR,X-5TH FLOOR.dwg,,3:M5-77-0
1,GFX_GROUP-28689,2154.0000,-480.0000,BACKGROUND,X-5TH FLOOR.dwg,,
1,GFX_GROUP-19041,2154.0000,-480.0000,BACKGROUND,X-5TH FLOOR.dwg,,
1,GFX_GROUP-28688,2154.0000,-480.0000,BACKGROUND,X-5TH FLOOR.dwg,,
1,GFX_LINKED-28644,2309.5000,-269.5000,DUCT DETECTOR,X-5TH FLOOR.dwg,,3:M5-83-0
1,GFX_GROUP-28644,2309.5000,-269.5000,BACKGROUND,X-5TH FLOOR.dwg,,
1,GFX_GROUP-28638,2443.5000,-29.5000,BACKGROUND,X-5TH FLOOR.dwg,,
1,GFX_GROUP-28632,2443.5000,-89.5000,BACKGROUND,X-5TH FLOOR.dwg,,
1,GFX_LINKED-28638,2443.5000,-29.5000,DUCT DETECTOR,X-5TH FLOOR.dwg,,3:M5-76-0
1,GFX_GROUP-7467,816.5000,-507.5000,BACKGROUND,X-5TH FLOOR.dwg,,
1,GFX_LINKED-21914,1189.5000,-500.5000,SMOKE DETECTOR,X-5TH FLOOR.dwg,,3:M4-28-0
1,GFX_LINKED-7467,816.5000,-507.5000,DUCT DETECTOR,X-5TH FLOOR.dwg,,3:M4-61-0
1,GFX_LINKED-7473,1216.5000,-507.5000,DUCT DETECTOR,X-5TH FLOOR.dwg,,3:M4-60-0
1,GFX_GROUP-7473,1216.5000,-507.5000,BACKGROUND,X-5TH FLOOR.dwg,,
1,GFX_LINKED-2486,1409.0000,-739.0000,TAMPER SWITCH,X-5TH FLOOR.dwg,,3:M5-40-0
1,GFX_GROUP-2486,1409.0000,-739.0000,BACKGROUND,X-5TH FLOOR.dwg,,
1,GFX_GROUP-55648,1384.0000,-739.0000,BACKGROUND,X-5TH FLOOR.dwg,,
1,GFX_GROUP-21914,1189.5000,-500.5000,BACKGROUND,X-5TH FLOOR.dwg,,
1,GFX_LINKED-55648,1384.0000,-739.0000,WATER FLOW,X-5TH FLOOR.dwg,,3:M5-39-0
1,GFX_GROUP-21920,838.5000,-500.5000,BACKGROUND,X-5TH FLOOR.dwg,,
1,GFX_LINKED-47718,391.0000,-541.0000,WATER FLOW,X-5TH FLOOR.dwg,,3:M4-44-0
1,GFX_GROUP-47718,391.0000,-541.0000,BACKGROUND,X-5TH FLOOR.dwg,,
1,GFX_GROUP-28572,2703.5000,-356.5000,BACKGROUND,X-5TH FLOOR.dwg,,
1,GFX_GROUP-28578,2701.5000,-315.5000,BACKGROUND,X-5TH FLOOR.dwg,,
1,GFX_LINKED-28572,2703.5000,-356.5000,DUCT DETECTOR,X-5TH FLOOR.dwg,,3:M5-91-0
1,GFX_GROUP-2339,586.0000,-590.0000,BACKGROUND,X-5TH FLOOR.dwg,,
1,GFX_LINKED-21920,838.5000,-500.5000,SMOKE DETECTOR,X-5TH FLOOR.dwg,,3:M4-29-0
1,GFX_LINKED-2339,586.0000,-590.0000,PULL STATION,X-5TH FLOOR.dwg,,3:M4-50-0
1,GFX_LINKED-47712,416.0000,-542.0000,TAMPER SWITCH,X-5TH FLOOR.dwg,,3:M4-45-0
1,GFX_GROUP-47712,416.0000,-542.0000,BACKGROUND,X-5TH FLOOR.dwg,,
1,GFX_GROUP-18108,2154.0000,-480.0000,BACKGROUND,X-5TH FLOOR.dwg,,
1,GFX_LINKED-44472,1107.5000,-289.5000,DUCT DETECTOR,X-5TH FLOOR.dwg,,3:M4-18-0
1,GFX_GROUP-44472,1107.5000,-289.5000,BACKGROUND,X-5TH FLOOR.dwg,,
1,GFX_GROUP-34007,969.0000,-205.0000,BACKGROUND,X-5TH FLOOR.dwg,,
1,GFX_GROUP-33997,969.0000,-229.0000,BACKGROUND,X-5TH FLOOR.dwg,,
1,GFX_LINKED-34007,969.0000,-205.0000,HIGH  LOW,X-5TH FLOOR.dwg,,3:M4-41-0
1,GFX_GROUP-24201,1647.5000,-144.5000,BACKGROUND,X-5TH FLOOR.dwg,,
1,GFX_LINKED-24177,2105.5000,-89.5000,DUCT DETECTOR,X-5TH FLOOR.dwg,,3:M5-87-0
1,GFX_LINKED-24201,1647.5000,-144.5000,SMOKE DETECTOR,X-5TH FLOOR.dwg,,3:M5-41-0
1,GFX_LINKED-4563,1207.5000,-284.5000,DUCT DETECTOR,X-5TH FLOOR.dwg,,3:M4-23-0
1,GFX_GROUP-4563,1207.5000,-284.5000,BACKGROUND,X-5TH FLOOR.dwg,,
1,GFX_LINKED-33997,969.0000,-229.0000,HIGH  LOW,X-5TH FLOOR.dwg,,3:M4-40-0
1,GFX_GROUP-44418,1258.5000,-360.5000,BACKGROUND,X-5TH FLOOR.dwg,,
1,GFX_LINKED-44442,1398.5000,-280.5000,SMOKE DETECTOR,X-5TH FLOOR.dwg,,3:M5-25-0
1,GFX_LINKED-44418,1258.5000,-360.5000,SMOKE DETECTOR,X-5TH FLOOR.dwg,,3:M4-26-0
1,GFX_LINKED-12581,1194.5000,-385.5000,SMOKE DETECTOR,X-5TH FLOOR.dwg,,3:M4-54-0
1,GFX_GROUP-12581,1194.5000,-385.5000,BACKGROUND,X-5TH FLOOR.dwg,,
1,GFX_LINKED-25283,969.0000,-253.0000,HIGH  LOW,X-5TH FLOOR.dwg,,3:M4-39-0
1,GFX_GROUP-25283,969.0000,-253.0000,BACKGROUND,X-5TH FLOOR.dwg,,
1,GFX_GROUP-19654,758.5000,-20.5000,BACKGROUND,X-5TH FLOOR.dwg,,
1,GFX_GROUP-44442,1398.5000,-280.5000,BACKGROUND,X-5TH FLOOR.dwg,,
1,GFX_LINKED-19654,758.5000,-20.5000,SMOKE DETECTOR,X-5TH FLOOR.dwg,,3:M4-14-0
1,GFX_GROUP-24147,1705.5000,-429.5000,BACKGROUND,X-5TH FLOOR.dwg,,
1,GFX_LINKED-24156,1665.5000,-460.5000,DUCT DETECTOR,X-5TH FLOOR.dwg,,3:M5-47-0
1,GFX_LINKED-24147,1705.5000,-429.5000,DUCT DETECTOR,X-5TH FLOOR.dwg,,3:M5-46-0
1,GFX_LINKED-24144,1665.5000,-429.5000,DUCT DETECTOR,X-5TH FLOOR.dwg,,3:M5-45-0
1,GFX_GROUP-24144,1665.5000,-429.5000,BACKGROUND,X-5TH FLOOR.dwg,,
1,GFX_LINKED-24165,2058.5000,-87.5000,SMOKE DETECTOR,X-5TH FLOOR.dwg,,3:M5-57-0
1,GFX_GROUP-24165,2058.5000,-87.5000,BACKGROUND,X-5TH FLOOR.dwg,,
1,GFX_GROUP-24189,1976.5000,-328.5000,BACKGROUND,X-5TH FLOOR.dwg,,
1,GFX_GROUP-24156,1665.5000,-460.5000,BACKGROUND,X-5TH FLOOR.dwg,,
1,GFX_LINKED-24189,1976.5000,-328.5000,SMOKE DETECTOR,X-5TH FLOOR.dwg,,3:M5-55-0
1,GFX_GROUP-24135,1715.5000,-395.5000,BACKGROUND,X-5TH FLOOR.dwg,,
1,GFX_LINKED-24183,2125.5000,-229.5000,DUCT DETECTOR,X-5TH FLOOR.dwg,,3:M5-85-0
1,GFX_GROUP-24183,2125.5000,-229.5000,BACKGROUND,X-5TH FLOOR.dwg,,
1,GFX_GROUP-24171,2085.5000,-189.5000,BACKGROUND,X-5TH FLOOR.dwg,,
1,GFX_GROUP-24177,2105.5000,-89.5000,BACKGROUND,X-5TH FLOOR.dwg,,
1,GFX_LINKED-24171,2085.5000,-189.5000,DUCT DETECTOR,X-5TH FLOOR.dwg,,3:M5-86-0
1,GFX_GROUP-24129,1665.5000,-395.5000,BACKGROUND,X-5TH FLOOR.dwg,,
1,GFX_LINKED-24135,1715.5000,-395.5000,DUCT DETECTOR,X-5TH FLOOR.dwg,,3:M5-43-0
1,GFX_LINKED-24129,1665.5000,-395.5000,DUCT DETECTOR,X-5TH FLOOR.dwg,,3:M5-42-0
1,GFX_LINKED-24195,1716.5000,-460.5000,SMOKE DETECTOR,X-5TH FLOOR.dwg,,3:M5-44-0
1,GFX_GROUP-24195,1716.5000,-460.5000,BACKGROUND,X-5TH FLOOR.dwg,,
1,GFX_GROUP-32791,767.5000,90.5000,BACKGROUND,X-5TH FLOOR.dwg,,
1,GFX_LINKED-60543,1292.0000,-333.0000,PULL STATION,X-4TH FLOOR.dwg,,2:M3-57-0
1,GFX_GROUP-60543,1292.0000,-333.0000,BACKGROUND,X-4TH FLOOR.dwg,,
1,GFX_GROUP-25101,727.5000,-62.5000,BACKGROUND,X-4TH FLOOR.dwg,,
1,GFX_GROUP-25107,747.5000,-42.5000,BACKGROUND,X-4TH FLOOR.dwg,,
1,GFX_LINKED-25101,727.5000,-62.5000,DUCT DETECTOR,X-4TH FLOOR.dwg,,2:M3-35-0
1,GFX_GROUP-17947,1166.5000,-365.5000,BACKGROUND,X-4TH FLOOR.dwg,,
1,GFX_LINKED-17941,1213.5000,-409.5000,SMOKE DETECTOR,X-4TH FLOOR.dwg,,2:M3-61-0
1,GFX_LINKED-17947,1166.5000,-365.5000,SMOKE DETECTOR,X-4TH FLOOR.dwg,,2:M3-60-0
1,GFX_LINKED-33409,1235.5000,-285.5000,SMOKE DETECTOR,X-4TH FLOOR.dwg,,2:M3-69-0
1,GFX_GROUP-33409,1235.5000,-285.5000,BACKGROUND,X-4TH FLOOR.dwg,,
1,GFX_LINKED-25107,747.5000,-42.5000,DUCT DETECTOR,X-4TH FLOOR.dwg,,2:M3-36-0
1,GFX_GROUP-55546,677.5000,-440.5000,BACKGROUND,X-4TH FLOOR.dwg,,
1,GFX_LINKED-55552,704.5000,-443.5000,DUCT DETECTOR,X-4TH FLOOR.dwg,,2:M3-45-0
1,GFX_LINKED-55546,677.5000,-440.5000,SMOKE DETECTOR,X-4TH FLOOR.dwg,,2:M3-44-0
1,GFX_LINKED-39980,687.5000,-50.5000,SMOKE DETECTOR,X-4TH FLOOR.dwg,,2:M3-37-0
1,GFX_GROUP-39980,687.5000,-50.5000,BACKGROUND,X-4TH FLOOR.dwg,,
1,GFX_LINKED-55564,674.5000,-466.5000,DUCT DETECTOR,X-4TH FLOOR.dwg,,2:M3-47-0
1,GFX_GROUP-55564,674.5000,-466.5000,BACKGROUND,X-4TH FLOOR.dwg,,
1,GFX_GROUP-55558,700.5000,-466.5000,BACKGROUND,X-4TH FLOOR.dwg,,
1,GFX_GROUP-55552,704.5000,-443.5000,BACKGROUND,X-4TH FLOOR.dwg,,
1,GFX_LINKED-55558,700.5000,-466.5000,DUCT DETECTOR,X-4TH FLOOR.dwg,,2:M3-46-0
1,GFX_GROUP-22147,1536.5000,-240.5000,BACKGROUND,X-4TH FLOOR.dwg,,
1,GFX_LINKED-23352,1788.5000,-437.5000,DUCT DETECTOR,X-4TH FLOOR.dwg,,2:M3-3-0
1,GFX_LINKED-22147,1536.5000,-240.5000,SMOKE DETECTOR,X-4TH FLOOR.dwg,,2:M3-56-0
1,GFX_LINKED-23334,2058.5000,-196.5000,SMOKE DETECTOR,X-4TH FLOOR.dwg,,2:M3-15-0
1,GFX_GROUP-23334,2058.5000,-196.5000,BACKGROUND,X-4TH FLOOR.dwg,,
1,GFX_LINKED-23364,1802.5000,-462.5000,DUCT DETECTOR,X-4TH FLOOR.dwg,,2:M3-6-0
1,GFX_GROUP-23364,1802.5000,-462.5000,BACKGROUND,X-4TH FLOOR.dwg,,
1,GFX_GROUP-23370,1762.5000,-462.5000,BACKGROUND,X-4TH FLOOR.dwg,,
1,GFX_GROUP-23352,1788.5000,-437.5000,BACKGROUND,X-4TH FLOOR.dwg,,
1,GFX_LINKED-23370,1762.5000,-462.5000,DUCT DETECTOR,X-4TH FLOOR.dwg,,2:M3-7-0
1,GFX_GROUP-23340,2016.5000,-320.5000,BACKGROUND,X-4TH FLOOR.dwg,,
1,GFX_LINKED-60555,1398.5000,-280.5000,SMOKE DETECTOR,X-4TH FLOOR.dwg,,2:M3-55-0
1,GFX_GROUP-60555,1398.5000,-280.5000,BACKGROUND,X-4TH FLOOR.dwg,,
1,GFX_GROUP-60561,1258.5000,-368.5000,BACKGROUND,X-4TH FLOOR.dwg,,
1,GFX_GROUP-17941,1213.5000,-409.5000,BACKGROUND,X-4TH FLOOR.dwg,,
1,GFX_LINKED-60561,1258.5000,-368.5000,SMOKE DETECTOR,X-4TH FLOOR.dwg,,2:M3-58-0
1,GFX_GROUP-23358,1756.5000,-437.5000,BACKGROUND,X-4TH FLOOR.dwg,,
1,GFX_LINKED-23340,2016.5000,-320.5000,SMOKE DETECTOR,X-4TH FLOOR.dwg,,2:M3-13-0
1,GFX_LINKED-23358,1756.5000,-437.5000,SMOKE DETECTOR,X-4TH FLOOR.dwg,,2:M3-2-0
1,GFX_LINKED-7257,1207.5000,-282.5000,DUCT DETECTOR,X-4TH FLOOR.dwg,,2:M3-54-0
1,GFX_GROUP-7257,1207.5000,-282.5000,BACKGROUND,X-4TH FLOOR.dwg,,
1,GFX_GROUP-39986,646.5000,-49.5000,BACKGROUND,X-4TH FLOOR.dwg,,
1,GFX_GROUP-12413,2091.5000,119.5000,BACKGROUND,X-4TH FLOOR.dwg,,
1,GFX_LINKED-15442,2559.5000,199.5000,SMOKE DETECTOR,X-4TH FLOOR.dwg,,2:M3-24-0
1,GFX_LINKED-12413,2091.5000,119.5000,SMOKE DETECTOR,X-4TH FLOOR.dwg,,2:M3-16-0
1,GFX_LINKED-8757,2047.0000,116.0000,PULL STATION,X-4TH FLOOR.dwg,,2:M3-64-0
1,GFX_GROUP-8757,2047.0000,116.0000,BACKGROUND,X-4TH FLOOR.dwg,,
1,GFX_LINKED-15466,2394.5000,144.5000,SMOKE DETECTOR,X-4TH FLOOR.dwg,,2:M3-23-0
1,GFX_GROUP-15466,2394.5000,144.5000,BACKGROUND,X-4TH FLOOR.dwg,,
1,GFX_GROUP-15448,2559.5000,112.5000,BACKGROUND,X-4TH FLOOR.dwg,,
1,GFX_GROUP-15442,2559.5000,199.5000,BACKGROUND,X-4TH FLOOR.dwg,,
1,GFX_LINKED-15448,2559.5000,112.5000,SMOKE DETECTOR,X-4TH FLOOR.dwg,,2:M3-25-0
1,GFX_GROUP-11893,1338.0000,240.0000,BACKGROUND,X-4TH FLOOR.dwg,,
1,GFX_LINKED-6548,422.0000,50.0000,TAMPER SWITCH,X-4TH FLOOR.dwg,,2:M3-75-0
1,GFX_GROUP-6548,422.0000,50.0000,BACKGROUND,X-4TH FLOOR.dwg,,
1,GFX_GROUP-6571,398.0000,50.0000,BACKGROUND,X-4TH FLOOR.dwg,,
1,GFX_GROUP-6612,584.0000,116.0000,BACKGROUND,X-4TH FLOOR.dwg,,
1,GFX_LINKED-6571,398.0000,50.0000,WATER FLOW,X-4TH FLOOR.dwg,,2:M3-74-0
1,GFX_GROUP-9079,1314.0000,240.0000,BACKGROUND,X-4TH FLOOR.dwg,,
1,GFX_LINKED-11893,1338.0000,240.0000,TAMPER SWITCH,X-4TH FLOOR.dwg,,2:M3-73-0
1,GFX_LINKED-9079,1314.0000,240.0000,WATER FLOW,X-4TH FLOOR.dwg,,2:M3-72-0
1,GFX_LINKED-35958,767.5000,177.5000,DUCT DETECTOR,X-4TH FLOOR.dwg,,2:M3-42-0
1,GFX_GROUP-35958,767.5000,177.5000,BACKGROUND,X-4TH FLOOR.dwg,,
1,GFX_LINKED-18890,2180.0000,55.0000,WATER FLOW,X-4TH FLOOR.dwg,,2:M3-78-0
1,GFX_GROUP-18890,2180.0000,55.0000,BACKGROUND,X-4TH FLOOR.dwg,,
1,GFX_GROUP-18887,2200.0000,76.0000,BACKGROUND,X-4TH FLOOR.dwg,,
1,GFX_GROUP-3019,2223.5000,197.5000,BACKGROUND,X-4TH FLOOR.dwg,,
1,GFX_LINKED-18887,2200.0000,76.0000,TAMPER SWITCH,X-4TH FLOOR.dwg,,2:M3-79-0
1,GFX_GROUP-39974,678.5000,-116.5000,BACKGROUND,X-4TH FLOOR.dwg,,
1,GFX_LINKED-39986,646.5000,-49.5000,DUCT DETECTOR,X-4TH FLOOR.dwg,,2:M3-34-0
1,GFX_LINKED-39974,678.5000,-116.5000,SMOKE DETECTOR,X-4TH FLOOR.dwg,,2:M3-32-0
1,GFX_LINKED-39968,640.5000,-117.5000,SMOKE DETECTOR,X-4TH FLOOR.dwg,,2:M3-31-0
1,GFX_GROUP-39968,640.5000,-117.5000,BACKGROUND,X-4TH FLOOR.dwg,,
1,GFX_LINKED-3019,2223.5000,197.5000,DUCT DETECTOR,X-4TH FLOOR.dwg,,2:M3-18-0
1,GFX_GROUP-15478,2283.5000,164.5000,BACKGROUND,X-4TH FLOOR.dwg,,
1,GFX_LINKED-15460,2234.5000,239.5000,SMOKE DETECTOR,X-4TH FLOOR.dwg,,2:M3-17-0
1,GFX_LINKED-15478,2283.5000,164.5000,DUCT DETECTOR,X-4TH FLOOR.dwg,,2:M3-21-0
1,GFX_LINKED-15472,2363.5000,164.5000,DUCT DETECTOR,X-4TH FLOOR.dwg,,2:M3-22-0
1,GFX_GROUP-15472,2363.5000,164.5000,BACKGROUND,X-4TH FLOOR.dwg,,
1,GFX_LINKED-15496,2183.5000,237.5000,DUCT DETECTOR,X-4TH FLOOR.dwg,,2:M3-20-0
1,GFX_GROUP-15496,2183.5000,237.5000,BACKGROUND,X-4TH FLOOR.dwg,,
1,GFX_GROUP-15490,2183.5000,197.5000,BACKGROUND,X-4TH FLOOR.dwg,,
1,GFX_GROUP-15460,2234.5000,239.5000,BACKGROUND,X-4TH FLOOR.dwg,,
1,GFX_LINKED-15490,2183.5000,197.5000,DUCT DETECTOR,X-4TH FLOOR.dwg,,2:M3-19-0
1,GFX_LINKED-39654,2534.5000,-680.5000,SMOKE DETECTOR,X-4TH FLOOR.dwg,,2:M3-63-0
1,GFX_GROUP-39654,2534.5000,-680.5000,BACKGROUND,X-4TH FLOOR.dwg,,
1,GFX_GROUP-39648,2534.5000,-600.5000,BACKGROUND,X-4TH FLOOR.dwg,,
1,GFX_GROUP-41924,2134.0000,-540.0000,BACKGROUND,X-4TH FLOOR.dwg,,
1,GFX_LINKED-39648,2534.5000,-600.5000,SMOKE DETECTOR,X-4TH FLOOR.dwg,,2:M3-62-0
1,GFX_GROUP-39633,2820.0000,-550.0000,BACKGROUND,X-4TH FLOOR.dwg,,
1,GFX_LINKED-39630,2820.0000,-574.0000,WATER FLOW,X-4TH FLOOR.dwg,,2:M3-80-0
1,GFX_LINKED-39633,2820.0000,-550.0000,TAMPER SWITCH,X-4TH FLOOR.dwg,,2:M3-81-0
1,GFX_LINKED-39615,2674.0000,-499.0000,PULL STATION,X-4TH FLOOR.dwg,,2:M3-59-0
1,GFX_GROUP-39615,2674.0000,-499.0000,BACKGROUND,X-4TH FLOOR.dwg,,
1,GFX_LINKED-41924,2134.0000,-540.0000,TAMPER SWITCH,X-4TH FLOOR.dwg,,2:M3-77-0
1,GFX_GROUP-36860,1865.5000,-602.5000,BACKGROUND,X-4TH FLOOR.dwg,,
1,GFX_LINKED-34201,1928.5000,-610.5000,DUCT DETECTOR,X-4TH FLOOR.dwg,,2:M3-10-0
1,GFX_LINKED-36860,1865.5000,-602.5000,DUCT DETECTOR,X-4TH FLOOR.dwg,,2:M3-9-0
1,GFX_LINKED-36857,1865.5000,-652.5000,DUCT DETECTOR,X-4TH FLOOR.dwg,,2:M3-8-0
1,GFX_GROUP-36857,1865.5000,-652.5000,BACKGROUND,X-4TH FLOOR.dwg,,
1,GFX_LINKED-50310,2107.0000,-540.0000,WATER FLOW,X-4TH FLOOR.dwg,,2:M3-76-0
1,GFX_GROUP-50310,2107.0000,-540.0000,BACKGROUND,X-4TH FLOOR.dwg,,
1,GFX_GROUP-11694,2043.0000,-596.0000,BACKGROUND,X-4TH FLOOR.dwg,,
1,GFX_GROUP-34201,1928.5000,-610.5000,BACKGROUND,X-4TH FLOOR.dwg,,
1,GFX_LINKED-11694,2043.0000,-596.0000,PULL STATION,X-4TH FLOOR.dwg,,2:M3-65-0
1,GFX_GROUP-18531,689.5000,117.5000,BACKGROUND,X-5TH FLOOR.dwg,,
1,GFX_GROUP-25260,718.0000,0.0000,BACKGROUND,X-5TH FLOOR.dwg,,
1,GFX_LINKED-18531,689.5000,117.5000,DUCT DETECTOR,X-5TH FLOOR.dwg,,3:M4-6-0
1,GFX_LINKED-3738,585.0000,117.0000,PULL STATION,X-5TH FLOOR.dwg,,3:M4-51-0
1,GFX_GROUP-3738,585.0000,117.0000,BACKGROUND,X-5TH FLOOR.dwg,,
1,GFX_GROUP-32785,767.5000,124.5000,BACKGROUND,X-5TH FLOOR.dwg,,
1,GFX_LINKED-32791,767.5000,90.5000,DUCT DETECTOR,X-5TH FLOOR.dwg,,3:M4-7-0
1,GFX_LINKED-32785,767.5000,124.5000,DUCT DETECTOR,X-5TH FLOOR.dwg,,3:M4-4-0
1,GFX_LINKED-32797,767.5000,174.5000,DUCT DETECTOR,X-5TH FLOOR.dwg,,3:M4-5-0
1,GFX_GROUP-32797,767.5000,174.5000,BACKGROUND,X-5TH FLOOR.dwg,,
1,GFX_GROUP-6764,525.5000,138.5000,BACKGROUND,X-5TH FLOOR.dwg,,
1,GFX_LINKED-18537,627.5000,30.5000,DUCT DETECTOR,X-5TH FLOOR.dwg,,3:M4-8-0
1,GFX_GROUP-18537,627.5000,30.5000,BACKGROUND,X-5TH FLOOR.dwg,,
1,GFX_GROUP-18519,7.3449,-1.6893,DUCT DETECTOR,X-5TH FLOOR.dwg,,
1,GFX_GROUP-39630,2820.0000,-574.0000,BACKGROUND,X-4TH FLOOR.dwg,,
1,GFX_GROUP-13911,0.0000,1.0000,BACKGROUND,X-5TH FLOOR.dwg,,
1,GFX_GROUP-3732,435.0000,69.0000,BACKGROUND,X-5TH FLOOR.dwg,,
1,GFX_LINKED-6764,525.5000,138.5000,SMOKE DETECTOR,X-5TH FLOOR.dwg,,3:M4-1-0
1,GFX_LINKED-3732,435.0000,69.0000,TAMPER SWITCH,X-5TH FLOOR.dwg,,3:M4-47-0
1,GFX_LINKED-3755,411.0000,69.0000,WATER FLOW,X-5TH FLOOR.dwg,,3:M4-46-0
1,GFX_GROUP-3755,411.0000,69.0000,BACKGROUND,X-5TH FLOOR.dwg,,
1,GFX_GROUP-47899,1436.0000,-960.0000,BACKGROUND,X-4TH FLOOR.dwg,,
1,GFX_LINKED-29368,2723.5000,-295.5000,DUCT DETECTOR,X-4TH FLOOR.dwg,,2:M3-29-0
1,GFX_GROUP-29368,2723.5000,-295.5000,BACKGROUND,X-4TH FLOOR.dwg,,
1,GFX_GROUP-11087,2694.5000,-358.5000,BACKGROUND,X-4TH FLOOR.dwg,,
1,GFX_GROUP-11093,2726.5000,-358.5000,BACKGROUND,X-4TH FLOOR.dwg,,
1,GFX_LINKED-11087,2694.5000,-358.5000,DUCT DETECTOR,X-4TH FLOOR.dwg,,2:M3-88-0
1,GFX_GROUP-29374,2671.5000,-337.5000,BACKGROUND,X-4TH FLOOR.dwg,,
1,GFX_LINKED-26518,586.0000,-591.0000,PULL STATION,X-4TH FLOOR.dwg,,2:M3-67-0
1,GFX_LINKED-29374,2671.5000,-337.5000,SMOKE DETECTOR,X-4TH FLOOR.dwg,,2:M3-27-0
1,GFX_LINKED-29380,2681.5000,-295.5000,DUCT DETECTOR,X-4TH FLOOR.dwg,,2:M3-28-0
1,GFX_GROUP-29380,2681.5000,-295.5000,BACKGROUND,X-4TH FLOOR.dwg,,
1,GFX_LINKED-11093,2726.5000,-358.5000,DUCT DETECTOR,X-4TH FLOOR.dwg,,2:M3-89-0
1,GFX_GROUP-23346,1602.5000,-242.5000,BACKGROUND,X-4TH FLOOR.dwg,,
1,GFX_LINKED-23376,1820.5000,-437.5000,DUCT DETECTOR,X-4TH FLOOR.dwg,,2:M3-4-0
1,GFX_LINKED-23346,1602.5000,-242.5000,DUCT DETECTOR,X-4TH FLOOR.dwg,,2:M3-1-0
1,GFX_LINKED-23382,1842.5000,-462.5000,DUCT DETECTOR,X-4TH FLOOR.dwg,,2:M3-5-0
1,GFX_GROUP-23382,1842.5000,-462.5000,BACKGROUND,X-4TH FLOOR.dwg,,
1,GFX_LINKED-5957,2683.5000,-422.5000,DUCT DETECTOR,X-4TH FLOOR.dwg,,2:M3-26-0
1,GFX_GROUP-5957,2683.5000,-422.5000,BACKGROUND,X-4TH FLOOR.dwg,,
1,GFX_GROUP-5123,1853.5000,-437.5000,BACKGROUND,X-4TH FLOOR.dwg,,
1,GFX_GROUP-23376,1820.5000,-437.5000,BACKGROUND,X-4TH FLOOR.dwg,,
1,GFX_LINKED-5123,1853.5000,-437.5000,DUCT DETECTOR,X-4TH FLOOR.dwg,,2:M3-87-0
1,GFX_GROUP-8316,767.5000,-582.5000,BACKGROUND,X-4TH FLOOR.dwg,,
1,GFX_LINKED-8344,747.5000,-612.5000,DUCT DETECTOR,X-4TH FLOOR.dwg,,2:M3-50-0
1,GFX_LINKED-8316,767.5000,-582.5000,DUCT DETECTOR,X-4TH FLOOR.dwg,,2:M3-49-0
1,GFX_LINKED-45633,1377.0000,-738.0000,TAMPER SWITCH,X-4TH FLOOR.dwg,,2:M3-71-0
1,GFX_GROUP-45633,1377.0000,-738.0000,BACKGROUND,X-4TH FLOOR.dwg,,
1,GFX_LINKED-16641,750.5000,-689.5000,DUCT DETECTOR,X-4TH FLOOR.dwg,,2:M3-52-0
1,GFX_GROUP-16641,750.5000,-689.5000,BACKGROUND,X-4TH FLOOR.dwg,,
1,GFX_GROUP-16629,770.5000,-649.5000,BACKGROUND,X-4TH FLOOR.dwg,,
1,GFX_GROUP-8344,747.5000,-612.5000,BACKGROUND,X-4TH FLOOR.dwg,,
1,GFX_LINKED-16629,770.5000,-649.5000,DUCT DETECTOR,X-4TH FLOOR.dwg,,2:M3-51-0
1,GFX_GROUP-37249,1353.0000,-738.0000,BACKGROUND,X-4TH FLOOR.dwg,,
1,GFX_LINKED-14187,430.0000,-551.0000,TAMPER SWITCH,X-4TH FLOOR.dwg,,2:M3-83-0
1,GFX_GROUP-14187,430.0000,-551.0000,BACKGROUND,X-4TH FLOOR.dwg,,
1,GFX_GROUP-9305,406.0000,-551.0000,BACKGROUND,X-4TH FLOOR.dwg,,
1,GFX_GROUP-26518,586.0000,-591.0000,BACKGROUND,X-4TH FLOOR.dwg,,
1,GFX_LINKED-9305,406.0000,-551.0000,WATER FLOW,X-4TH FLOOR.dwg,,2:M3-82-0
1,GFX_GROUP-3699,1227.5000,-502.5000,BACKGROUND,X-4TH FLOOR.dwg,,
1,GFX_LINKED-37249,1353.0000,-738.0000,WATER FLOW,X-4TH FLOOR.dwg,,2:M3-70-0
1,GFX_LINKED-3699,1227.5000,-502.5000,DUCT DETECTOR,X-4TH FLOOR.dwg,,2:M3-93-0
1,GFX_LINKED-8321,1190.5000,-510.5000,SMOKE DETECTOR,X-4TH FLOOR.dwg,,2:M3-53-0
1,GFX_GROUP-8321,1190.5000,-510.5000,BACKGROUND,X-4TH FLOOR.dwg,,
1,GFX_LINKED-26735,775.5000,-635.5000,DUCT DETECTOR,X-5TH FLOOR.dwg,,3:M4-35-0
1,GFX_LINKED-53764,954.5000,-610.5000,SMOKE DETECTOR,X-6TH FLOOR.dwg,,3:M1-48-0
1,GFX_GROUP-53764,954.5000,-610.5000,BACKGROUND,X-6TH FLOOR.dwg,,
1,GFX_GROUP-12648,1147.5000,-629.5000,BACKGROUND,X-6TH FLOOR.dwg,,
1,GFX_GROUP-12625,1247.5000,-629.5000,BACKGROUND,X-6TH FLOOR.dwg,,
1,GFX_LINKED-12648,1147.5000,-629.5000,DUCT DETECTOR,X-6TH FLOOR.dwg,,3:M1-74-0
1,GFX_GROUP-53770,954.5000,-730.5000,BACKGROUND,X-6TH FLOOR.dwg,,
1,GFX_LINKED-53782,1074.5000,-730.5000,SMOKE DETECTOR,X-6TH FLOOR.dwg,,3:M1-51-0
1,GFX_LINKED-53770,954.5000,-730.5000,SMOKE DETECTOR,X-6TH FLOOR.dwg,,3:M1-50-0
1,GFX_LINKED-53776,1074.5000,-610.5000,SMOKE DETECTOR,X-6TH FLOOR.dwg,,3:M1-49-0
1,GFX_GROUP-53776,1074.5000,-610.5000,BACKGROUND,X-6TH FLOOR.dwg,,
1,GFX_LINKED-12625,1247.5000,-629.5000,DUCT DETECTOR,X-6TH FLOOR.dwg,,3:M1-75-0
1,GFX_GROUP-54492,647.5000,-635.5000,BACKGROUND,X-6TH FLOOR.dwg,,
1,GFX_LINKED-11858,604.0000,-610.0000,PULL STATION,X-6TH FLOOR.dwg,,3:M1-35-0
1,GFX_LINKED-54492,647.5000,-635.5000,SMOKE DETECTOR,X-6TH FLOOR.dwg,,3:M1-76-0
1,GFX_LINKED-11851,422.0000,-550.0000,TAMPER SWITCH,X-6TH FLOOR.dwg,,3:M1-36-0
1,GFX_GROUP-11851,422.0000,-550.0000,BACKGROUND,X-6TH FLOOR.dwg,,
1,GFX_LINKED-12932,1409.0000,-761.0000,TAMPER SWITCH,X-6TH FLOOR.dwg,,3:M1-46-0
1,GFX_GROUP-12932,1409.0000,-761.0000,BACKGROUND,X-6TH FLOOR.dwg,,
1,GFX_GROUP-9305,1384.0000,-761.0000,BACKGROUND,X-6TH FLOOR.dwg,,
1,GFX_GROUP-11858,604.0000,-610.0000,BACKGROUND,X-6TH FLOOR.dwg,,
1,GFX_LINKED-9305,1384.0000,-761.0000,PULL STATION,X-6TH FLOOR.dwg,,3:M1-47-0
1,GFX_GROUP-20780,2073.5000,-697.5000,BACKGROUND,X-6TH FLOOR.dwg,,
1,GFX_LINKED-20786,2053.5000,-742.5000,DUCT DETECTOR,X-6TH FLOOR.dwg,,3:M6-10-0
1,GFX_LINKED-20780,2073.5000,-697.5000,SMOKE DETECTOR,X-6TH FLOOR.dwg,,3:M6-12-0
1,GFX_LINKED-13141,2044.5000,-693.5000,DUCT DETECTOR,X-6TH FLOOR.dwg,,3:M6-13-0
1,GFX_GROUP-13141,2044.5000,-693.5000,BACKGROUND,X-6TH FLOOR.dwg,,
1,GFX_LINKED-20798,2105.5000,-685.5000,DUCT DETECTOR,X-6TH FLOOR.dwg,,3:M6-16-0
1,GFX_GROUP-20798,2105.5000,-685.5000,BACKGROUND,X-6TH FLOOR.dwg,,
1,GFX_GROUP-17372,2091.5000,-738.5000,BACKGROUND,X-6TH FLOOR.dwg,,
1,GFX_GROUP-20786,2053.5000,-742.5000,BACKGROUND,X-6TH FLOOR.dwg,,
1,GFX_LINKED-17372,2091.5000,-738.5000,DUCT DETECTOR,X-6TH FLOOR.dwg,,3:M6-11-0
1,GFX_GROUP-17736,1805.5000,-702.5000,BACKGROUND,X-6TH FLOOR.dwg,,
1,GFX_LINKED-53788,1200.5000,-500.5000,SMOKE DETECTOR,X-6TH FLOOR.dwg,,3:M1-77-0
1,GFX_GROUP-53788,1200.5000,-500.5000,BACKGROUND,X-6TH FLOOR.dwg,,
1,GFX_GROUP-50557,1000.0000,-750.0000,BACKGROUND,X-6TH FLOOR.dwg,,
1,GFX_GROUP-53782,1074.5000,-730.5000,BACKGROUND,X-6TH FLOOR.dwg,,
1,GFX_LINKED-50557,1000.0000,-750.0000,TAMPER SWITCH,X-6TH FLOOR.dwg,,3:M1-81-0
1,GFX_GROUP-20747,1865.5000,-501.5000,BACKGROUND,X-6TH FLOOR.dwg,,
1,GFX_LINKED-17736,1805.5000,-702.5000,DUCT DETECTOR,X-6TH FLOOR.dwg,,3:M6-9-0
1,GFX_LINKED-20747,1865.5000,-501.5000,DUCT DETECTOR,X-6TH FLOOR.dwg,,3:M6-6-0
1,GFX_GROUP-56567,1436.0000,-960.0000,BACKGROUND,X-6TH FLOOR.dwg,,
1,GFX_GROUP-56577,1436.0000,-960.0000,BACKGROUND,X-6TH FLOOR.dwg,,
1,GFX_GROUP-11854,456.0000,-550.0000,BACKGROUND,X-6TH FLOOR.dwg,,
1,GFX_GROUP-8537,2323.5000,-702.5000,BACKGROUND,X-6TH FLOOR.dwg,,
1,GFX_LINKED-23409,2229.5000,-582.5000,DUCT DETECTOR,X-6TH FLOOR.dwg,,3:M6-20-0
1,GFX_LINKED-8537,2323.5000,-702.5000,DUCT DETECTOR,X-6TH FLOOR.dwg,,3:M6-43-0
1,GFX_LINKED-23403,2323.5000,-622.5000,DUCT DETECTOR,X-6TH FLOOR.dwg,,3:M6-44-0
1,GFX_GROUP-23403,2323.5000,-622.5000,BACKGROUND,X-6TH FLOOR.dwg,,
1,GFX_LINKED-21331,2431.5000,-577.5000,DUCT DETECTOR,X-6TH FLOOR.dwg,,3:M6-40-0
1,GFX_GROUP-21331,2431.5000,-577.5000,BACKGROUND,X-6TH FLOOR.dwg,,
1,GFX_GROUP-21325,2598.5000,-495.5000,BACKGROUND,X-6TH FLOOR.dwg,,
1,GFX_GROUP-23409,2229.5000,-582.5000,BACKGROUND,X-6TH FLOOR.dwg,,
1,GFX_LINKED-21325,2598.5000,-495.5000,DUCT DETECTOR,X-6TH FLOOR.dwg,,3:M6-70-0
1,GFX_GROUP-13261,2454.5000,-680.5000,BACKGROUND,X-6TH FLOOR.dwg,,
1,GFX_LINKED-18537,2767.0000,-550.0000,TAMPER SWITCH,X-6TH FLOOR.dwg,,3:M6-62-0
1,GFX_GROUP-18537,2767.0000,-550.0000,BACKGROUND,X-6TH FLOOR.dwg,,
1,GFX_GROUP-23463,2623.5000,-502.5000,BACKGROUND,X-6TH FLOOR.dwg,,
1,GFX_GROUP-21319,2652.5000,-495.5000,BACKGROUND,X-6TH FLOOR.dwg,,
1,GFX_LINKED-23463,2623.5000,-502.5000,DUCT DETECTOR,X-6TH FLOOR.dwg,,3:M6-71-0
1,GFX_GROUP-13255,2454.5000,-620.5000,BACKGROUND,X-6TH FLOOR.dwg,,
1,GFX_LINKED-13261,2454.5000,-680.5000,SMOKE DETECTOR,X-6TH FLOOR.dwg,,3:M6-83-0
1,GFX_LINKED-13255,2454.5000,-620.5000,SMOKE DETECTOR,X-6TH FLOOR.dwg,,3:M6-82-0
1,GFX_LINKED-23457,2683.5000,-662.5000,DUCT DETECTOR,X-6TH FLOOR.dwg,,3:M6-74-0
1,GFX_GROUP-23457,2683.5000,-662.5000,BACKGROUND,X-6TH FLOOR.dwg,,
1,GFX_LINKED-2611,2403.5000,-582.5000,DUCT DETECTOR,X-6TH FLOOR.dwg,,3:M6-41-0
1,GFX_GROUP-2611,2403.5000,-582.5000,BACKGROUND,X-6TH FLOOR.dwg,,
1,GFX_GROUP-23427,2423.5000,-642.5000,BACKGROUND,X-6TH FLOOR.dwg,,
1,GFX_GROUP-23433,2359.5000,-602.5000,BACKGROUND,X-6TH FLOOR.dwg,,
1,GFX_LINKED-23427,2423.5000,-642.5000,DUCT DETECTOR,X-6TH FLOOR.dwg,,3:M6-42-0
1,GFX_GROUP-2919,2203.5000,-624.5000,BACKGROUND,X-6TH FLOOR.dwg,,
1,GFX_LINKED-11854,456.0000,-550.0000,PULL STATION,X-6TH FLOOR.dwg,,3:M1-37-0
1,GFX_LINKED-2919,2203.5000,-624.5000,DUCT DETECTOR,X-6TH FLOOR.dwg,,3:M6-80-0
1,GFX_LINKED-2593,2423.5000,-682.5000,DUCT DETECTOR,X-6TH FLOOR.dwg,,3:M6-54-0
1,GFX_GROUP-2593,2423.5000,-682.5000,BACKGROUND,X-6TH FLOOR.dwg,,
1,GFX_LINKED-23433,2359.5000,-602.5000,DUCT DETECTOR,X-6TH FLOOR.dwg,,3:M6-46-0
1,GFX_GROUP-23445,2763.5000,-602.5000,BACKGROUND,X-6TH FLOOR.dwg,,
1,GFX_LINKED-16489,2683.5000,-602.5000,DUCT DETECTOR,X-6TH FLOOR.dwg,,3:M6-75-0
1,GFX_LINKED-23445,2763.5000,-602.5000,DUCT DETECTOR,X-6TH FLOOR.dwg,,3:M6-77-0
1,GFX_LINKED-23439,2763.5000,-662.5000,DUCT DETECTOR,X-6TH FLOOR.dwg,,3:M6-76-0
1,GFX_GROUP-23439,2763.5000,-662.5000,BACKGROUND,X-6TH FLOOR.dwg,,
1,GFX_LINKED-23421,2283.5000,-702.5000,DUCT DETECTOR,X-6TH FLOOR.dwg,,3:M6-81-0
1,GFX_GROUP-23421,2283.5000,-702.5000,BACKGROUND,X-6TH FLOOR.dwg,,
1,GFX_GROUP-23397,2283.5000,-622.5000,BACKGROUND,X-6TH FLOOR.dwg,,
1,GFX_GROUP-16489,2683.5000,-602.5000,BACKGROUND,X-6TH FLOOR.dwg,,
1,GFX_LINKED-23397,2283.5000,-622.5000,DUCT DETECTOR,X-6TH FLOOR.dwg,,3:M6-45-0
1,GFX_GROUP-57809,1478.5000,-640.5000,BACKGROUND,X-6TH FLOOR.dwg,,
1,GFX_LINKED-57785,1478.5000,-587.5000,SMOKE DETECTOR,X-6TH FLOOR.dwg,,3:M1-27-0
1,GFX_LINKED-57809,1478.5000,-640.5000,SMOKE DETECTOR,X-6TH FLOOR.dwg,,3:M1-29-0
1,GFX_LINKED-57821,1538.5000,-525.5000,SMOKE DETECTOR,X-6TH FLOOR.dwg,,3:M1-26-0
1,GFX_GROUP-57821,1538.5000,-525.5000,BACKGROUND,X-6TH FLOOR.dwg,,
1,GFX_LINKED-4095,1560.0000,-666.0000,HIGH  LOW,X-6TH FLOOR.dwg,,3:M1-89-0
1,GFX_GROUP-4095,1560.0000,-666.0000,BACKGROUND,X-6TH FLOOR.dwg,,
1,GFX_GROUP-4089,1457.0000,-666.0000,BACKGROUND,X-6TH FLOOR.dwg,,
1,GFX_GROUP-57785,1478.5000,-587.5000,BACKGROUND,X-6TH FLOOR.dwg,,
1,GFX_LINKED-4089,1457.0000,-666.0000,HIGH  LOW,X-6TH FLOOR.dwg,,3:M1-88-0
1,GFX_GROUP-63403,1666.5000,-510.5000,BACKGROUND,X-6TH FLOOR.dwg,,
1,GFX_LINKED-63315,1572.5239,-614.4669,SMOKE DETECTOR,X-6TH FLOOR.dwg,,3:M1-23-0
1,GFX_GROUP-63315,1572.5239,-614.4669,BACKGROUND,X-6TH FLOOR.dwg,,
1,GFX_GROUP-63397,1512.5239,-614.4669,BACKGROUND,X-6TH FLOOR.dwg,,
1,GFX_LINKED-63395,1512.5239,-614.4669,SMOKE DETECTOR,X-6TH FLOOR.dwg,,3:M1-22-0
1,GFX_GROUP-63395,1512.5239,-614.4669,BACKGROUND,X-6TH FLOOR.dwg,,
1,GFX_GROUP-63327,1512.5239,-661.4669,BACKGROUND,X-6TH FLOOR.dwg,,
1,GFX_LINKED-63403,1666.5000,-510.5000,SMOKE DETECTOR,X-6TH FLOOR.dwg,,3:M1-3-0
1,GFX_GROUP-63325,1512.5239,-661.4669,BACKGROUND,X-6TH FLOOR.dwg,,
1,GFX_GROUP-63317,1572.5239,-614.4669,BACKGROUND,X-6TH FLOOR.dwg,,
1,GFX_LINKED-63325,1512.5239,-661.4669,SMOKE DETECTOR,X-6TH FLOOR.dwg,,3:M1-24-0
1,GFX_GROUP-2480,1414.5000,-390.5000,BACKGROUND,X-7TH FLOOR MEZZ.dwg,,
1,GFX_LINKED-18329,1422.0000,-330.0000,PULL STATION,X-7TH FLOOR MEZZ.dwg,,Color Link: 3:M2-102-0
1,GFX_LINKED-2480,1414.5000,-390.5000,SMOKE DETECTOR,X-7TH FLOOR MEZZ.dwg,,Color Link: 3:M2-104-0
1,GFX_LINKED-18320,1394.5000,-350.5000,SMOKE DETECTOR,X-7TH FLOOR MEZZ.dwg,,Color Link: 3:M2-107-0
1,GFX_GROUP-18320,1394.5000,-350.5000,BACKGROUND,X-7TH FLOOR MEZZ.dwg,,
1,GFX_LINKED-7165,2377.0000,209.0000,HIGH  LOW,X-7TH FLOOR MEZZ.dwg,,Color Link: 3:M2-55-0
1,GFX_GROUP-7165,2377.0000,209.0000,BACKGROUND,X-7TH FLOOR MEZZ.dwg,,
1,GFX_GROUP-7167,2352.0000,209.0000,BACKGROUND,X-7TH FLOOR MEZZ.dwg,,
1,GFX_GROUP-18329,1422.0000,-330.0000,BACKGROUND,X-7TH FLOOR MEZZ.dwg,,
1,GFX_LINKED-7167,2352.0000,209.0000,HIGH  LOW,X-7TH FLOOR MEZZ.dwg,,Color Link: 3:M2-13-0
1,GFX_GROUP-43771,1905.5000,-462.5000,BACKGROUND,X-6TH FLOOR.dwg,,
1,GFX_LINKED-43759,1545.5000,-222.5000,DUCT DETECTOR,X-6TH FLOOR.dwg,,3:M6-2-0
1,GFX_GROUP-43759,1545.5000,-222.5000,BACKGROUND,X-6TH FLOOR.dwg,,
1,GFX_GROUP-43741,1456.5000,-220.5000,BACKGROUND,X-6TH FLOOR.dwg,,
1,GFX_GROUP-43836,1436.0000,-480.0000,BACKGROUND,X-6TH FLOOR.dwg,,
1,GFX_LINKED-43741,1456.5000,-220.5000,SMOKE DETECTOR,X-6TH FLOOR.dwg,,3:M6-1-0
1,GFX_GROUP-43747,1805.5000,-422.5000,BACKGROUND,X-6TH FLOOR.dwg,,
1,GFX_LINKED-43771,1905.5000,-462.5000,DUCT DETECTOR,X-6TH FLOOR.dwg,,3:M6-5-0
1,GFX_LINKED-43747,1805.5000,-422.5000,DUCT DETECTOR,X-6TH FLOOR.dwg,,3:M6-4-0
1,GFX_LINKED-43765,1705.5000,-222.5000,DUCT DETECTOR,X-6TH FLOOR.dwg,,3:M6-3-0
1,GFX_GROUP-43765,1705.5000,-222.5000,BACKGROUND,X-6TH FLOOR.dwg,,
1,GFX_GROUP-63357,1452.5239,-614.4669,BACKGROUND,X-6TH FLOOR.dwg,,
1,GFX_LINKED-14764,2072.0000,-636.0000,PULL STATION,X-6TH FLOOR.dwg,,3:M6-15-0
1,GFX_GROUP-14764,2072.0000,-636.0000,BACKGROUND,X-6TH FLOOR.dwg,,
1,GFX_GROUP-14775,2120.0000,-542.0000,BACKGROUND,X-6TH FLOOR.dwg,,
1,GFX_GROUP-14772,2118.0000,-516.0000,BACKGROUND,X-6TH FLOOR.dwg,,
1,GFX_LINKED-14775,2120.0000,-542.0000,PULL STATION,X-6TH FLOOR.dwg,,3:M6-63-0
1,GFX_GROUP-57803,1538.5000,-640.5000,BACKGROUND,X-6TH FLOOR.dwg,,
1,GFX_LINKED-57797,1538.5000,-587.5000,SMOKE DETECTOR,X-6TH FLOOR.dwg,,3:M1-28-0
1,GFX_LINKED-57803,1538.5000,-640.5000,SMOKE DETECTOR,X-6TH FLOOR.dwg,,3:M1-30-0
1,GFX_LINKED-14784,1828.5000,-670.5000,SMOKE DETECTOR,X-6TH FLOOR.dwg,,3:M6-8-0
1,GFX_GROUP-14784,1828.5000,-670.5000,BACKGROUND,X-6TH FLOOR.dwg,,
1,GFX_LINKED-14772,2118.0000,-516.0000,TAMPER SWITCH,X-6TH FLOOR.dwg,,3:M6-64-0
1,GFX_GROUP-20804,2103.5000,-633.5000,BACKGROUND,X-6TH FLOOR.dwg,,
1,GFX_LINKED-20759,2094.5000,-530.5000,DUCT DETECTOR,X-6TH FLOOR.dwg,,3:M6-24-0
1,GFX_LINKED-20804,2103.5000,-633.5000,DUCT DETECTOR,X-6TH FLOOR.dwg,,3:M6-18-0
1,GFX_LINKED-20792,2103.5000,-658.5000,DUCT DETECTOR,X-6TH FLOOR.dwg,,3:M6-17-0
1,GFX_GROUP-20792,2103.5000,-658.5000,BACKGROUND,X-6TH FLOOR.dwg,,
1,GFX_LINKED-20729,1996.5000,-510.5000,SMOKE DETECTOR,X-6TH FLOOR.dwg,,3:M6-26-0
1,GFX_GROUP-20729,1996.5000,-510.5000,BACKGROUND,X-6TH FLOOR.dwg,,
1,GFX_GROUP-20741,1825.5000,-501.5000,BACKGROUND,X-6TH FLOOR.dwg,,
1,GFX_GROUP-20759,2094.5000,-530.5000,BACKGROUND,X-6TH FLOOR.dwg,,
1,GFX_LINKED-20741,1825.5000,-501.5000,DUCT DETECTOR,X-6TH FLOOR.dwg,,3:M6-7-0
1,GFX_GROUP-63385,1512.5239,-554.4669,BACKGROUND,X-6TH FLOOR.dwg,,
1,GFX_GROUP-63387,1512.5239,-554.4669,BACKGROUND,X-6TH FLOOR.dwg,,
1,GFX_LINKED-63385,1512.5239,-554.4669,SMOKE DETECTOR,X-6TH FLOOR.dwg,,3:M1-19-0
1,GFX_GROUP-63345,1452.5239,-554.4669,BACKGROUND,X-6TH FLOOR.dwg,,
1,GFX_GROUP-63347,1452.5239,-554.4669,BACKGROUND,X-6TH FLOOR.dwg,,
1,GFX_LINKED-63355,1452.5239,-614.4669,SMOKE DETECTOR,X-6TH FLOOR.dwg,,3:M1-21-0
1,GFX_GROUP-63355,1452.5239,-614.4669,BACKGROUND,X-6TH FLOOR.dwg,,
1,GFX_GROUP-63377,1572.5239,-554.4669,BACKGROUND,X-6TH FLOOR.dwg,,
1,GFX_LINKED-63375,1572.5239,-554.4669,SMOKE DETECTOR,X-6TH FLOOR.dwg,,3:M1-20-0
1,GFX_GROUP-63375,1572.5239,-554.4669,BACKGROUND,X-6TH FLOOR.dwg,,
1,GFX_LINKED-63345,1452.5239,-554.4669,SMOKE DETECTOR,X-6TH FLOOR.dwg,,3:M1-18-0
1,GFX_GROUP-63307,1452.5239,-494.4669,BACKGROUND,X-6TH FLOOR.dwg,,
1,GFX_LINKED-63335,1512.5239,-494.4669,SMOKE DETECTOR,X-6TH FLOOR.dwg,,3:M1-16-0
1,GFX_GROUP-63305,1452.5239,-494.4669,BACKGROUND,X-6TH FLOOR.dwg,,
1,GFX_GROUP-57797,1538.5000,-587.5000,BACKGROUND,X-6TH FLOOR.dwg,,
1,GFX_LINKED-63305,1452.5239,-494.4669,SMOKE DETECTOR,X-6TH FLOOR.dwg,,3:M1-15-0
1,GFX_GROUP-63365,1572.5239,-494.4669,BACKGROUND,X-6TH FLOOR.dwg,,
1,GFX_GROUP-63367,1572.5239,-494.4669,BACKGROUND,X-6TH FLOOR.dwg,,
1,GFX_LINKED-63365,1572.5239,-494.4669,SMOKE DETECTOR,X-6TH FLOOR.dwg,,3:M1-17-0
1,GFX_GROUP-63335,1512.5239,-494.4669,BACKGROUND,X-6TH FLOOR.dwg,,
1,GFX_GROUP-63337,1512.5239,-494.4669,BACKGROUND,X-6TH FLOOR.dwg,,
1,GFX_LINKED-21319,2652.5000,-495.5000,DUCT DETECTOR,X-6TH FLOOR.dwg,,3:M6-72-0
1,GFX_LINKED-64517,1932.5000,149.5000,SMOKE DETECTOR,X-6TH FLOOR.dwg,,3:M1-4-0
1,GFX_GROUP-64517,1932.5000,149.5000,BACKGROUND,X-6TH FLOOR.dwg,,
1,GFX_GROUP-6819,1978.0000,129.0000,BACKGROUND,X-6TH FLOOR.dwg,,
1,GFX_GROUP-50230,910.5000,249.5000,BACKGROUND,X-6TH FLOOR.dwg,,
1,GFX_LINKED-6819,1978.0000,129.0000,PULL STATION,X-6TH FLOOR.dwg,,3:M1-80-0
1,GFX_GROUP-7507,2176.0000,50.0000,BACKGROUND,X-6TH FLOOR.dwg,,
1,GFX_LINKED-7464,2470.5000,109.5000,SMOKE DETECTOR,X-6TH FLOOR.dwg,,3:M1-83-0
1,GFX_LINKED-7507,2176.0000,50.0000,TAMPER SWITCH,X-6TH FLOOR.dwg,,3:M1-78-0
1,GFX_LINKED-64523,2032.5000,149.5000,SMOKE DETECTOR,X-6TH FLOOR.dwg,,3:M1-5-0
1,GFX_GROUP-64523,2032.5000,149.5000,BACKGROUND,X-6TH FLOOR.dwg,,
1,GFX_LINKED-50230,910.5000,249.5000,SMOKE DETECTOR,X-6TH FLOOR.dwg,,3:M1-71-0
1,GFX_GROUP-5604,1047.5000,230.5000,BACKGROUND,X-6TH FLOOR.dwg,,
1,GFX_LINKED-50257,927.5000,164.5000,DUCT DETECTOR,X-6TH FLOOR.dwg,,3:M1-72-0
1,GFX_LINKED-5604,1047.5000,230.5000,DUCT DETECTOR,X-6TH FLOOR.dwg,,3:M1-73-0
1,GFX_LINKED-50251,910.5000,209.5000,SMOKE DETECTOR,X-6TH FLOOR.dwg,,3:M1-40-0
1,GFX_GROUP-50251,910.5000,209.5000,BACKGROUND,X-6TH FLOOR.dwg,,
1,GFX_LINKED-50242,990.5000,249.5000,SMOKE DETECTOR,X-6TH FLOOR.dwg,,3:M1-39-0
1,GFX_GROUP-50242,990.5000,249.5000,BACKGROUND,X-6TH FLOOR.dwg,,
1,GFX_GROUP-50236,990.5000,209.5000,BACKGROUND,X-6TH FLOOR.dwg,,
1,GFX_GROUP-50257,927.5000,164.5000,BACKGROUND,X-6TH FLOOR.dwg,,
1,GFX_LINKED-50236,990.5000,209.5000,SMOKE DETECTOR,X-6TH FLOOR.dwg,,3:M1-38-0
1,GFX_GROUP-7461,2221.5000,250.5000,BACKGROUND,X-6TH FLOOR.dwg,,
1,GFX_LINKED-7492,2221.5000,210.5000,DUCT DETECTOR,X-6TH FLOOR.dwg,,3:M1-13-0
1,GFX_LINKED-7461,2221.5000,250.5000,DUCT DETECTOR,X-6TH FLOOR.dwg,,3:M1-14-0
1,GFX_LINKED-63929,2270.5000,209.5000,SMOKE DETECTOR,X-6TH FLOOR.dwg,,3:M1-12-0
1,GFX_GROUP-63929,2270.5000,209.5000,BACKGROUND,X-6TH FLOOR.dwg,,
1,GFX_LINKED-803,1214.5000,-450.5000,SMOKE DETECTOR,X-6TH FLOOR.dwg,,3:M1-31-0
1,GFX_GROUP-803,1214.5000,-450.5000,BACKGROUND,X-6TH FLOOR.dwg,,
1,GFX_GROUP-9636,1322.0000,-330.0000,BACKGROUND,X-6TH FLOOR.dwg,,
1,GFX_GROUP-7492,2221.5000,210.5000,BACKGROUND,X-6TH FLOOR.dwg,,
1,GFX_LINKED-9636,1322.0000,-330.0000,PULL STATION,X-6TH FLOOR.dwg,,3:M1-54-0
1,GFX_GROUP-63941,2170.5000,209.5000,BACKGROUND,X-6TH FLOOR.dwg,,
1,GFX_LINKED-7501,2470.5000,209.5000,SMOKE DETECTOR,X-6TH FLOOR.dwg,,3:M1-82-0
1,GFX_GROUP-7501,2470.5000,209.5000,BACKGROUND,X-6TH FLOOR.dwg,,
1,GFX_GROUP-7504,2202.0000,50.0000,BACKGROUND,X-6TH FLOOR.dwg,,
1,GFX_GROUP-7464,2470.5000,109.5000,BACKGROUND,X-6TH FLOOR.dwg,,
1,GFX_LINKED-7504,2202.0000,50.0000,PULL STATION,X-6TH FLOOR.dwg,,3:M1-79-0
1,GFX_GROUP-7495,2270.5000,249.5000,BACKGROUND,X-6TH FLOOR.dwg,,
1,GFX_LINKED-63941,2170.5000,209.5000,SMOKE DETECTOR,X-6TH FLOOR.dwg,,3:M1-11-0
1,GFX_LINKED-7495,2270.5000,249.5000,SMOKE DETECTOR,X-6TH FLOOR.dwg,,3:M1-10-0
1,GFX_LINKED-63935,2170.5000,249.5000,SMOKE DETECTOR,X-6TH FLOOR.dwg,,3:M1-9-0
1,GFX_GROUP-63935,2170.5000,249.5000,BACKGROUND,X-6TH FLOOR.dwg,,
1,GFX_GROUP-5585,1380.0000,270.0000,BACKGROUND,X-6TH FLOOR.dwg,,
1,GFX_GROUP-4132,2108.5000,-592.5000,BACKGROUND,X-5TH FLOOR.dwg,,
1,GFX_LINKED-5862,2042.0000,-596.0000,PULL STATION,X-5TH FLOOR.dwg,,3:M5-101-0
1,GFX_LINKED-4132,2108.5000,-592.5000,SMOKE DETECTOR,X-5TH FLOOR.dwg,,3:M5-52-0
1,GFX_LINKED-11831,1852.5000,-658.5000,DUCT DETECTOR,X-5TH FLOOR.dwg,,3:M5-51-0
1,GFX_GROUP-11831,1852.5000,-658.5000,BACKGROUND,X-5TH FLOOR.dwg,,
1,GFX_LINKED-16127,2142.0000,-616.0000,WATER FLOW,X-5TH FLOOR.dwg,,3:M5-97-0
1,GFX_GROUP-16127,2142.0000,-616.0000,BACKGROUND,X-5TH FLOOR.dwg,,
1,GFX_GROUP-20961,2142.0000,-590.0000,BACKGROUND,X-5TH FLOOR.dwg,,
1,GFX_GROUP-5862,2042.0000,-596.0000,BACKGROUND,X-5TH FLOOR.dwg,,
1,GFX_LINKED-20961,2142.0000,-590.0000,TAMPER SWITCH,X-5TH FLOOR.dwg,,3:M5-98-0
1,GFX_GROUP-11825,1948.5000,-658.5000,BACKGROUND,X-5TH FLOOR.dwg,,
1,GFX_LINKED-21932,776.5000,-687.5000,DUCT DETECTOR,X-5TH FLOOR.dwg,,3:M4-37-0
1,GFX_GROUP-21932,776.5000,-687.5000,BACKGROUND,X-5TH FLOOR.dwg,,
1,GFX_GROUP-26741,745.5000,-658.5000,BACKGROUND,X-5TH FLOOR.dwg,,
1,GFX_GROUP-26735,775.5000,-635.5000,BACKGROUND,X-5TH FLOOR.dwg,,
1,GFX_LINKED-26741,745.5000,-658.5000,DUCT DETECTOR,X-5TH FLOOR.dwg,,3:M4-36-0
1,GFX_GROUP-11812,1933.5000,-625.5000,BACKGROUND,X-5TH FLOOR.dwg,,
1,GFX_LINKED-11825,1948.5000,-658.5000,DUCT DETECTOR,X-5TH FLOOR.dwg,,3:M5-49-0
1,GFX_LINKED-11812,1933.5000,-625.5000,DUCT DETECTOR,X-5TH FLOOR.dwg,,3:M5-50-0
1,GFX_LINKED-21926,745.5000,-718.5000,DUCT DETECTOR,X-5TH FLOOR.dwg,,3:M4-38-0
1,GFX_GROUP-21926,745.5000,-718.5000,BACKGROUND,X-5TH FLOOR.dwg,,
1,GFX_LINKED-1743,652.5000,149.5000,SMOKE DETECTOR,X-6TH FLOOR.dwg,,3:M1-70-0
1,GFX_GROUP-1743,652.5000,149.5000,BACKGROUND,X-6TH FLOOR.dwg,,
1,GFX_GROUP-2961,606.0000,129.0000,BACKGROUND,X-6TH FLOOR.dwg,,
1,GFX_GROUP-2955,422.0000,30.0000,BACKGROUND,X-6TH FLOOR.dwg,,
1,GFX_LINKED-2961,606.0000,129.0000,PULL STATION,X-6TH FLOOR.dwg,,3:M1-43-0
1,GFX_GROUP-5588,1354.0000,270.0000,BACKGROUND,X-6TH FLOOR.dwg,,
1,GFX_LINKED-5585,1380.0000,270.0000,TAMPER SWITCH,X-6TH FLOOR.dwg,,3:M1-68-0
1,GFX_LINKED-5588,1354.0000,270.0000,PULL STATION,X-6TH FLOOR.dwg,,3:M1-69-0
1,GFX_LINKED-1737,560.5000,149.5000,SMOKE DETECTOR,X-6TH FLOOR.dwg,,3:M1-34-0
1,GFX_GROUP-1737,560.5000,149.5000,BACKGROUND,X-6TH FLOOR.dwg,,
1,GFX_LINKED-2955,422.0000,30.0000,TAMPER SWITCH,X-6TH FLOOR.dwg,,3:M1-41-0
1,GFX_GROUP-7287,2534.5000,-620.5000,BACKGROUND,X-5TH FLOOR.dwg,,
1,GFX_LINKED-7349,2534.5000,-680.5000,SMOKE DETECTOR,X-5TH FLOOR.dwg,,3:M5-96-0
1,GFX_LINKED-7287,2534.5000,-620.5000,SMOKE DETECTOR,X-5TH FLOOR.dwg,,3:M5-95-0
1,GFX_LINKED-7281,2560.0000,-494.0000,PULL STATION,X-5TH FLOOR.dwg,,3:M5-92-0
1,GFX_GROUP-7281,2560.0000,-494.0000,BACKGROUND,X-5TH FLOOR.dwg,,
1,GFX_LINKED-2978,456.0000,30.0000,PULL STATION,X-6TH FLOOR.dwg,,3:M1-42-0
1,GFX_GROUP-2978,456.0000,30.0000,BACKGROUND,X-6TH FLOOR.dwg,,
1,GFX_GROUP-7302,2811.0000,-501.0000,BACKGROUND,X-5TH FLOOR.dwg,,
1,GFX_GROUP-7349,2534.5000,-680.5000,BACKGROUND,X-5TH FLOOR.dwg,,
1,GFX_LINKED-7302,2811.0000,-501.0000,WATER FLOW,X-5TH FLOOR.dwg,,3:M5-99-0
1,GFX_LINKED-31376,2455.5000,-218.5000,DUCT DETECTOR,X-6TH FLOOR.dwg,,3:M6-30-0
1,GFX_GROUP-31376,2455.5000,-218.5000,BACKGROUND,X-6TH FLOOR.dwg,,
1,GFX_GROUP-7961,2467.5000,-255.5000,BACKGROUND,X-6TH FLOOR.dwg,,
1,GFX_GROUP-7943,2429.5000,-218.5000,BACKGROUND,X-6TH FLOOR.dwg,,
1,GFX_LINKED-7961,2467.5000,-255.5000,DUCT DETECTOR,X-6TH FLOOR.dwg,,3:M6-36-0
1,GFX_GROUP-7949,2427.5000,-246.5000,BACKGROUND,X-6TH FLOOR.dwg,,
1,GFX_LINKED-7955,2467.5000,-297.5000,DUCT DETECTOR,X-6TH FLOOR.dwg,,3:M6-35-0
1,GFX_LINKED-7949,2427.5000,-246.5000,DUCT DETECTOR,X-6TH FLOOR.dwg,,3:M6-34-0
1,GFX_LINKED-31382,2363.5000,-242.5000,DUCT DETECTOR,X-6TH FLOOR.dwg,,3:M6-32-0
1,GFX_GROUP-31382,2363.5000,-242.5000,BACKGROUND,X-6TH FLOOR.dwg,,
1,GFX_LINKED-7943,2429.5000,-218.5000,SMOKE DETECTOR,X-6TH FLOOR.dwg,,3:M6-29-0
1,GFX_GROUP-31448,2751.5000,-322.5000,BACKGROUND,X-6TH FLOOR.dwg,,
1,GFX_LINKED-31439,2799.5000,-322.5000,DUCT DETECTOR,X-6TH FLOOR.dwg,,3:M6-57-0
1,GFX_LINKED-31448,2751.5000,-322.5000,DUCT DETECTOR,X-6TH FLOOR.dwg,,3:M6-58-0
1,GFX_LINKED-31388,2632.5000,-435.5000,SMOKE DETECTOR,X-6TH FLOOR.dwg,,3:M6-49-0
1,GFX_GROUP-31388,2632.5000,-435.5000,BACKGROUND,X-6TH FLOOR.dwg,,
1,GFX_LINKED-31430,2801.5000,-396.5000,DUCT DETECTOR,X-6TH FLOOR.dwg,,3:M6-60-0
1,GFX_GROUP-31430,2801.5000,-396.5000,BACKGROUND,X-6TH FLOOR.dwg,,
1,GFX_GROUP-31442,2751.5000,-396.5000,BACKGROUND,X-6TH FLOOR.dwg,,
1,GFX_GROUP-31439,2799.5000,-322.5000,BACKGROUND,X-6TH FLOOR.dwg,,
1,GFX_LINKED-31442,2751.5000,-396.5000,DUCT DETECTOR,X-6TH FLOOR.dwg,,3:M6-59-0
1,GFX_GROUP-21343,2174.5000,-582.5000,BACKGROUND,X-6TH FLOOR.dwg,,
1,GFX_LINKED-23415,2201.5000,-582.5000,DUCT DETECTOR,X-6TH FLOOR.dwg,,3:M6-19-0
1,GFX_LINKED-21343,2174.5000,-582.5000,DUCT DETECTOR,X-6TH FLOOR.dwg,,3:M6-22-0
1,GFX_LINKED-8531,2174.5000,-622.5000,DUCT DETECTOR,X-6TH FLOOR.dwg,,3:M6-23-0
1,GFX_GROUP-8531,2174.5000,-622.5000,BACKGROUND,X-6TH FLOOR.dwg,,
1,GFX_LINKED-18534,2791.0000,-550.0000,PULL STATION,X-6TH FLOOR.dwg,,3:M6-61-0
1,GFX_GROUP-18534,2791.0000,-550.0000,BACKGROUND,X-6TH FLOOR.dwg,,
1,GFX_GROUP-18517,2467.0000,-495.0000,BACKGROUND,X-6TH FLOOR.dwg,,
1,GFX_GROUP-23415,2201.5000,-582.5000,BACKGROUND,X-6TH FLOOR.dwg,,
1,GFX_LINKED-18517,2467.0000,-495.0000,PULL STATION,X-6TH FLOOR.dwg,,3:M6-79-0
1,GFX_GROUP-3429,2603.5000,-315.5000,BACKGROUND,X-6TH FLOOR.dwg,,
1,GFX_LINKED-31364,2416.5000,-306.5000,DUCT DETECTOR,X-6TH FLOOR.dwg,,3:M6-28-0
1,GFX_GROUP-31364,2416.5000,-306.5000,BACKGROUND,X-6TH FLOOR.dwg,,
1,GFX_GROUP-31358,2416.5000,-277.5000,BACKGROUND,X-6TH FLOOR.dwg,,
1,GFX_GROUP-7955,2467.5000,-297.5000,BACKGROUND,X-6TH FLOOR.dwg,,
1,GFX_LINKED-31358,2416.5000,-277.5000,DUCT DETECTOR,X-6TH FLOOR.dwg,,3:M6-27-0
1,GFX_GROUP-3435,2390.5000,-464.5000,BACKGROUND,X-6TH FLOOR.dwg,,
1,GFX_LINKED-3429,2603.5000,-315.5000,DUCT DETECTOR,X-6TH FLOOR.dwg,,3:M6-55-0
1,GFX_LINKED-3435,2390.5000,-464.5000,DUCT DETECTOR,X-6TH FLOOR.dwg,,3:M6-56-0
1,GFX_LINKED-31418,2603.5000,-288.5000,DUCT DETECTOR,X-6TH FLOOR.dwg,,3:M6-50-0
1,GFX_GROUP-31418,2603.5000,-288.5000,BACKGROUND,X-6TH FLOOR.dwg,,
1,GFX_GROUP-7979,2573.5000,-446.5000,BACKGROUND,X-6TH FLOOR.dwg,,
1,GFX_LINKED-9650,1394.5000,-390.5000,SMOKE DETECTOR,X-6TH FLOOR.dwg,,3:M1-56-0
1,GFX_GROUP-9650,1394.5000,-390.5000,BACKGROUND,X-6TH FLOOR.dwg,,
1,GFX_GROUP-53128,1370.5000,-220.5000,BACKGROUND,X-6TH FLOOR.dwg,,
1,GFX_GROUP-9653,1310.5000,-255.5000,BACKGROUND,X-6TH FLOOR.dwg,,
1,GFX_LINKED-53128,1370.5000,-220.5000,SMOKE DETECTOR,X-6TH FLOOR.dwg,,3:M1-44-0
1,GFX_GROUP-8006,2154.0000,-480.0000,BACKGROUND,X-6TH FLOOR.dwg,,
1,GFX_GROUP-31577,2154.0000,-480.0000,BACKGROUND,X-6TH FLOOR.dwg,,
1,GFX_GROUP-7928,2154.0000,-480.0000,BACKGROUND,X-6TH FLOOR.dwg,,
1,GFX_LINKED-2897,1434.5000,-350.5000,SMOKE DETECTOR,X-6TH FLOOR.dwg,,3:M1-55-0
1,GFX_GROUP-2897,1434.5000,-350.5000,BACKGROUND,X-6TH FLOOR.dwg,,
1,GFX_LINKED-9653,1310.5000,-255.5000,SMOKE DETECTOR,X-6TH FLOOR.dwg,,3:M1-45-0
1,GFX_GROUP-791,1130.5000,-385.5000,BACKGROUND,X-6TH FLOOR.dwg,,
1,GFX_LINKED-9656,1214.5000,-390.5000,SMOKE DETECTOR,X-6TH FLOOR.dwg,,3:M1-53-0
1,GFX_LINKED-791,1130.5000,-385.5000,SMOKE DETECTOR,X-6TH FLOOR.dwg,,3:M1-33-0
1,GFX_LINKED-797,1174.5000,-430.5000,SMOKE DETECTOR,X-6TH FLOOR.dwg,,3:M1-32-0
1,GFX_GROUP-797,1174.5000,-430.5000,BACKGROUND,X-6TH FLOOR.dwg,,
1,GFX_LINKED-9626,1194.5000,-270.5000,SMOKE DETECTOR,X-6TH FLOOR.dwg,,3:M1-57-0
1,GFX_GROUP-9626,1194.5000,-270.5000,BACKGROUND,X-6TH FLOOR.dwg,,
1,GFX_GROUP-9644,1174.5000,-370.5000,BACKGROUND,X-6TH FLOOR.dwg,,
1,GFX_GROUP-9656,1214.5000,-390.5000,BACKGROUND,X-6TH FLOOR.dwg,,
1,GFX_LINKED-9644,1174.5000,-370.5000,SMOKE DETECTOR,X-6TH FLOOR.dwg,,3:M1-52-0
1,GFX_LINKED-31472,2586.5000,-376.5000,DUCT DETECTOR,X-6TH FLOOR.dwg,,3:M6-69-0
1,GFX_GROUP-31472,2586.5000,-376.5000,BACKGROUND,X-6TH FLOOR.dwg,,
1,GFX_GROUP-31481,2561.5000,-386.5000,BACKGROUND,X-6TH FLOOR.dwg,,
1,GFX_GROUP-8009,2576.5000,-327.5000,BACKGROUND,X-6TH FLOOR.dwg,,
1,GFX_LINKED-31481,2561.5000,-386.5000,DUCT DETECTOR,X-6TH FLOOR.dwg,,3:M6-68-0
1,GFX_GROUP-7973,2573.5000,-422.5000,BACKGROUND,X-6TH FLOOR.dwg,,
1,GFX_LINKED-7979,2573.5000,-446.5000,DUCT DETECTOR,X-6TH FLOOR.dwg,,3:M6-48-0
1,GFX_LINKED-7973,2573.5000,-422.5000,DUCT DETECTOR,X-6TH FLOOR.dwg,,3:M6-47-0
1,GFX_LINKED-7997,2601.5000,-396.5000,DUCT DETECTOR,X-6TH FLOOR.dwg,,3:M6-67-0
1,GFX_GROUP-7997,2601.5000,-396.5000,BACKGROUND,X-6TH FLOOR.dwg,,
1,GFX_LINKED-8009,2576.5000,-327.5000,DUCT DETECTOR,X-6TH FLOOR.dwg,,3:M6-53-0
1,GFX_GROUP-31346,2420.5000,-436.5000,BACKGROUND,X-6TH FLOOR.dwg,,
1,GFX_LINKED-31352,2420.5000,-465.5000,DUCT DETECTOR,X-6TH FLOOR.dwg,,3:M6-39-0
1,GFX_LINKED-31346,2420.5000,-436.5000,DUCT DETECTOR,X-6TH FLOOR.dwg,,3:M6-38-0
1,GFX_LINKED-31340,2420.5000,-407.5000,DUCT DETECTOR,X-6TH FLOOR.dwg,,3:M6-37-0
1,GFX_GROUP-31340,2420.5000,-407.5000,BACKGROUND,X-6TH FLOOR.dwg,,
1,GFX_LINKED-8003,2551.5000,-327.5000,DUCT DETECTOR,X-6TH FLOOR.dwg,,3:M6-52-0
1,GFX_GROUP-8003,2551.5000,-327.5000,BACKGROUND,X-6TH FLOOR.dwg,,
1,GFX_GROUP-31424,2603.5000,-346.5000,BACKGROUND,X-6TH FLOOR.dwg,,
1,GFX_GROUP-31352,2420.5000,-465.5000,BACKGROUND,X-6TH FLOOR.dwg,,
1,GFX_LINKED-31424,2603.5000,-346.5000,DUCT DETECTOR,X-6TH FLOOR.dwg,,3:M6-51-0
1,GFX_LINKED-6612,584.0000,116.0000,PULL STATION,X-4TH FLOOR.dwg,,2:M3-68-0
1,GFX_GROUP-58937,661.0000,-621.0000,BACKGROUND,X-2ND FLOOR.dwg,,
1,GFX_LINKED-58946,460.0000,-550.0000,TAMPER SWITCH,X-2ND FLOOR.dwg,,1:M2-39-0
1,GFX_LINKED-58937,661.0000,-621.0000,PULL STATION,X-2ND FLOOR.dwg,,1:M2-37-0
1,GFX_LINKED-41313,1452.5000,-718.5000,DUCT DETECTOR,X-1ST FLOOR MEZZ.dwg,,1:M2-1-0
1,GFX_GROUP-41313,1452.5000,-718.5000,BACKGROUND,X-1ST FLOOR MEZZ.dwg,,
1,GFX_LINKED-60766,1360.0000,-710.0000,TAMPER SWITCH,X-2ND FLOOR.dwg,,1:M2-55-0
1,GFX_GROUP-60766,1360.0000,-710.0000,BACKGROUND,X-2ND FLOOR.dwg,,
1,GFX_GROUP-58943,436.0000,-550.0000,BACKGROUND,X-2ND FLOOR.dwg,,
1,GFX_GROUP-58946,460.0000,-550.0000,BACKGROUND,X-2ND FLOOR.dwg,,
1,GFX_LINKED-58943,436.0000,-550.0000,WATER FLOW,X-2ND FLOOR.dwg,,1:M2-38-0
1,GFX_GROUP-39927,1360.0000,-710.0000,BACKGROUND,X-1ST FLOOR MEZZ.dwg,,
1,GFX_LINKED-39208,2830.0000,-350.0000,WATER FLOW,X-1ST FLOOR MEZZ.dwg,,1:M2-108-0
1,GFX_GROUP-39208,2830.0000,-350.0000,BACKGROUND,X-1ST FLOOR MEZZ.dwg,,
1,GFX_GROUP-2124,410.5000,-200.5000,BACKGROUND,X-1ST FLOOR MEZZ.dwg,,
1,GFX_GROUP-2130,410.5000,-278.5000,BACKGROUND,X-1ST FLOOR MEZZ.dwg,,
1,GFX_LINKED-2124,410.5000,-200.5000,SMOKE DETECTOR,X-1ST FLOOR MEZZ.dwg,,1:M4-52-0
1,GFX_GROUP-39924,1354.0000,-670.0000,BACKGROUND,X-1ST FLOOR MEZZ.dwg,,
1,GFX_LINKED-39927,1360.0000,-710.0000,TAMPER SWITCH,X-1ST FLOOR MEZZ.dwg,,1:M2-22-0
1,GFX_LINKED-39924,1354.0000,-670.0000,WATER FLOW,X-1ST FLOOR MEZZ.dwg,,1:M2-23-0
1,GFX_LINKED-39211,2836.0000,-390.0000,TAMPER SWITCH,X-1ST FLOOR MEZZ.dwg,,1:M2-109-0
1,GFX_GROUP-39211,2836.0000,-390.0000,BACKGROUND,X-1ST FLOOR MEZZ.dwg,,
1,GFX_LINKED-2108,2496.0000,-511.0000,PULL STATION,X-2ND FLOOR.dwg,,1:M2-69-0
1,GFX_GROUP-2108,2496.0000,-511.0000,BACKGROUND,X-2ND FLOOR.dwg,,
1,GFX_GROUP-2121,2596.0000,-511.0000,BACKGROUND,X-2ND FLOOR.dwg,,
1,GFX_GROUP-17598,2112.0000,-566.0000,BACKGROUND,X-2ND FLOOR.dwg,,
1,GFX_LINKED-2121,2596.0000,-511.0000,PULL STATION,X-2ND FLOOR.dwg,,1:M2-70-0
1,GFX_GROUP-2124,2474.5000,-600.5000,BACKGROUND,X-2ND FLOOR.dwg,,
1,GFX_LINKED-2117,2836.0000,-530.0000,TAMPER SWITCH,X-2ND FLOOR.dwg,,1:M2-71-0
1,GFX_LINKED-2124,2474.5000,-600.5000,SMOKE DETECTOR,X-2ND FLOOR.dwg,,1:M2-96-0
1,GFX_LINKED-2105,2474.5000,-680.5000,SMOKE DETECTOR,X-2ND FLOOR.dwg,,1:M2-97-0
1,GFX_GROUP-2105,2474.5000,-680.5000,BACKGROUND,X-2ND FLOOR.dwg,,
1,GFX_LINKED-17598,2112.0000,-566.0000,WATER FLOW,X-2ND FLOOR.dwg,,1:M2-66-0
1,GFX_GROUP-60769,1334.0000,-710.0000,BACKGROUND,X-2ND FLOOR.dwg,,
1,GFX_LINKED-61756,1672.5000,-698.5000,DUCT DETECTOR,X-2ND FLOOR.dwg,,2:M2-102-0
1,GFX_LINKED-60769,1334.0000,-710.0000,WATER FLOW,X-2ND FLOOR.dwg,,1:M2-56-0
1,GFX_LINKED-12515,1178.5000,-680.5000,SMOKE DETECTOR,X-2ND FLOOR.dwg,,2:M2-114-0
1,GFX_GROUP-12515,1178.5000,-680.5000,BACKGROUND,X-2ND FLOOR.dwg,,
1,GFX_LINKED-61752,1918.0000,-611.0000,PULL STATION,X-2ND FLOOR.dwg,,1:M2-68-0
1,GFX_GROUP-61752,1918.0000,-611.0000,BACKGROUND,X-2ND FLOOR.dwg,,
1,GFX_GROUP-61740,1532.5000,-698.5000,BACKGROUND,X-2ND FLOOR.dwg,,
1,GFX_GROUP-61756,1672.5000,-698.5000,BACKGROUND,X-2ND FLOOR.dwg,,
1,GFX_LINKED-61740,1532.5000,-698.5000,DUCT DETECTOR,X-2ND FLOOR.dwg,,2:M2-103-0
1,GFX_LINKED-2130,410.5000,-278.5000,SMOKE DETECTOR,X-1ST FLOOR MEZZ.dwg,,1:M4-50-0
1,GFX_LINKED-3360,222.0000,-390.0000,TAMPER SWITCH,X-7TH FLOOR.dwg,,3:M2-34-0
1,GFX_GROUP-3360,222.0000,-390.0000,BACKGROUND,X-7TH FLOOR.dwg,,
1,GFX_GROUP-4102,1194.5000,-458.5000,BACKGROUND,X-7TH FLOOR.dwg,,
1,GFX_GROUP-8794,860.5000,-218.5000,BACKGROUND,X-7TH FLOOR.dwg,,
1,GFX_LINKED-4102,1194.5000,-458.5000,DUCT DETECTOR,X-7TH FLOOR.dwg,,3:M2-108-0
1,GFX_GROUP-8142,164.5000,-190.5000,BACKGROUND,X-7TH FLOOR.dwg,,
1,GFX_LINKED-2291,611.0000,-116.0000,PULL STATION,X-7TH FLOOR.dwg,,3:M2-63-0
1,GFX_LINKED-8142,164.5000,-190.5000,SMOKE DETECTOR,X-7TH FLOOR.dwg,,3:M2-81-0
1,GFX_LINKED-3363,196.0000,-390.0000,WATER FLOW,X-7TH FLOOR.dwg,,3:M2-35-0
1,GFX_GROUP-3363,196.0000,-390.0000,BACKGROUND,X-7TH FLOOR.dwg,,
1,GFX_LINKED-8794,860.5000,-218.5000,SMOKE DETECTOR,X-7TH FLOOR.dwg,,3:M2-73-0
1,GFX_GROUP-4129,1358.5000,-240.5000,BACKGROUND,X-7TH FLOOR.dwg,,
1,GFX_LINKED-8788,1320.5000,-190.5000,SMOKE DETECTOR,X-7TH FLOOR.dwg,,3:M2-74-0
1,GFX_LINKED-4129,1358.5000,-240.5000,SMOKE DETECTOR,X-7TH FLOOR.dwg,,3:M2-17-0
1,GFX_LINKED-4132,1278.5000,-240.5000,SMOKE DETECTOR,X-7TH FLOOR.dwg,,3:M2-66-0
1,GFX_GROUP-4132,1278.5000,-240.5000,BACKGROUND,X-7TH FLOOR.dwg,,
1,GFX_LINKED-8782,795.5000,-218.5000,SMOKE DETECTOR,X-7TH FLOOR.dwg,,3:M2-72-0
1,GFX_GROUP-8782,795.5000,-218.5000,BACKGROUND,X-7TH FLOOR.dwg,,
1,GFX_GROUP-8776,750.5000,-218.5000,BACKGROUND,X-7TH FLOOR.dwg,,
1,GFX_GROUP-8788,1320.5000,-190.5000,BACKGROUND,X-7TH FLOOR.dwg,,
1,GFX_LINKED-8776,750.5000,-218.5000,SMOKE DETECTOR,X-7TH FLOOR.dwg,,3:M2-71-0
1,GFX_GROUP-10412,1114.5000,101.5000,BACKGROUND,X-7TH FLOOR.dwg,,
1,GFX_LINKED-2782,624.0000,210.0000,PULL STATION,X-7TH FLOOR.dwg,,Color Link: 3:M2-29-0
1,GFX_LINKED-10412,1114.5000,101.5000,DUCT DETECTOR,X-7TH FLOOR.dwg,,3:M2-62-0
1,GFX_LINKED-10406,1034.5000,101.5000,DUCT DETECTOR,X-7TH FLOOR.dwg,,3:M2-61-0
1,GFX_GROUP-10406,1034.5000,101.5000,BACKGROUND,X-7TH FLOOR.dwg,,
1,GFX_LINKED-1097,616.0000,242.0000,F-ALARM,X-1ST FLOOR MEZZ.dwg,,1:M2-82-0
1,GFX_GROUP-1097,616.0000,242.0000,BACKGROUND,X-1ST FLOOR MEZZ.dwg,,
1,GFX_GROUP-1085,616.0000,269.0000,BACKGROUND,X-1ST FLOOR MEZZ.dwg,,
1,GFX_GROUP-2782,624.0000,210.0000,BACKGROUND,X-7TH FLOOR.dwg,,
1,GFX_LINKED-1085,616.0000,269.0000,PULL STATION,X-1ST FLOOR MEZZ.dwg,,1:M2-83-0
1,GFX_GROUP-14756,2000.0000,139.0000,BACKGROUND,X-7TH FLOOR.dwg,,
1,GFX_LINKED-15062,516.5000,-445.5000,DUCT DETECTOR,X-7TH FLOOR.dwg,,3:M2-88-0
1,GFX_GROUP-15062,516.5000,-445.5000,BACKGROUND,X-7TH FLOOR.dwg,,
1,GFX_GROUP-15068,476.5000,-58.5000,BACKGROUND,X-7TH FLOOR.dwg,,
1,GFX_GROUP-2291,611.0000,-116.0000,BACKGROUND,X-7TH FLOOR.dwg,,
1,GFX_LINKED-15068,476.5000,-58.5000,DUCT DETECTOR,X-7TH FLOOR.dwg,,3:M2-87-0
1,GFX_GROUP-3399,2450.5000,79.5000,BACKGROUND,X-7TH FLOOR.dwg,,
1,GFX_LINKED-14756,2000.0000,139.0000,PULL STATION,X-7TH FLOOR.dwg,,3:M2-7-0
1,GFX_LINKED-3399,2450.5000,79.5000,SMOKE DETECTOR,X-7TH FLOOR.dwg,,3:M2-27-0
1,GFX_LINKED-11591,2450.5000,24.5000,SMOKE DETECTOR,X-7TH FLOOR.dwg,,3:M2-28-0
1,GFX_GROUP-11591,2450.5000,24.5000,BACKGROUND,X-7TH FLOOR.dwg,,
1,GFX_LINKED-51220,2494.5000,219.5000,SMOKE DETECTOR,X-2ND FLOOR.dwg,,1:M2-64-0
1,GFX_GROUP-51220,2494.5000,219.5000,BACKGROUND,X-2ND FLOOR.dwg,,
1,GFX_GROUP-55805,1752.5000,-337.5000,BACKGROUND,X-2ND FLOOR.dwg,,
1,GFX_GROUP-4303,1352.5000,-260.5000,BACKGROUND,X-2ND FLOOR.dwg,,
1,GFX_LINKED-55805,1752.5000,-337.5000,DUCT DETECTOR,X-2ND FLOOR.dwg,,1:M2-120-0
1,GFX_GROUP-51217,2296.0000,90.0000,BACKGROUND,X-2ND FLOOR.dwg,,
1,GFX_LINKED-51214,2270.0000,90.0000,WATER FLOW,X-2ND FLOOR.dwg,,1:M2-63-0
1,GFX_LINKED-51217,2296.0000,90.0000,TAMPER SWITCH,X-2ND FLOOR.dwg,,1:M2-62-0
1,GFX_LINKED-51225,2494.5000,139.5000,SMOKE DETECTOR,X-2ND FLOOR.dwg,,1:M2-65-0
1,GFX_GROUP-51225,2494.5000,139.5000,BACKGROUND,X-2ND FLOOR.dwg,,
1,GFX_LINKED-4303,1352.5000,-260.5000,DUCT DETECTOR,X-2ND FLOOR.dwg,,1:M2-120-0
1,GFX_GROUP-49426,1465.5000,130.5000,BACKGROUND,X-2ND FLOOR.dwg,,
1,GFX_LINKED-54706,1398.5000,-360.5000,SMOKE DETECTOR,X-2ND FLOOR.dwg,,1:M2-53-0
1,GFX_LINKED-49426,1465.5000,130.5000,DUCT DETECTOR,X-2ND FLOOR.dwg,,2:M2-100-0
1,GFX_LINKED-49420,1545.5000,170.5000,DUCT DETECTOR,X-2ND FLOOR.dwg,,2:M2-104-0
1,GFX_GROUP-49420,1545.5000,170.5000,BACKGROUND,X-2ND FLOOR.dwg,,
1,GFX_LINKED-54709,1298.5000,-260.5000,SMOKE DETECTOR,X-2ND FLOOR.dwg,,1:M2-84-0
1,GFX_GROUP-54709,1298.5000,-260.5000,BACKGROUND,X-2ND FLOOR.dwg,,
1,GFX_GROUP-54712,1360.0000,-331.0000,BACKGROUND,X-2ND FLOOR.dwg,,
1,GFX_GROUP-54706,1398.5000,-360.5000,BACKGROUND,X-2ND FLOOR.dwg,,
1,GFX_LINKED-54712,1360.0000,-331.0000,PULL STATION,X-2ND FLOOR.dwg,,1:M2-123-0
1,GFX_GROUP-23590,656.5000,-40.5000,BACKGROUND,X-3RD FLOOR.dwg,,
1,GFX_LINKED-27729,677.5000,-60.5000,DUCT DETECTOR,X-3RD FLOOR.dwg,,2:M4-71-0
1,GFX_LINKED-23590,656.5000,-40.5000,DUCT DETECTOR,X-3RD FLOOR.dwg,,2:M4-71-0
1,GFX_LINKED-23734,312.5000,-466.5000,SMOKE DETECTOR,X-3RD FLOOR.dwg,,2:M1-8-0
1,GFX_GROUP-23734,312.5000,-466.5000,BACKGROUND,X-3RD FLOOR.dwg,,
1,GFX_LINKED-9632,528.5000,-420.5000,DUCT DETECTOR,X-3RD FLOOR.dwg,,2:M1-102-0
1,GFX_GROUP-9632,528.5000,-420.5000,BACKGROUND,X-3RD FLOOR.dwg,,
1,GFX_GROUP-42799,748.5000,-420.5000,BACKGROUND,X-3RD FLOOR.dwg,,
1,GFX_GROUP-27729,677.5000,-60.5000,BACKGROUND,X-3RD FLOOR.dwg,,
1,GFX_LINKED-42799,748.5000,-420.5000,DUCT DETECTOR,X-3RD FLOOR.dwg,,2:M1-101-0
1,GFX_GROUP-23728,312.5000,-425.5000,BACKGROUND,X-3RD FLOOR.dwg,,
1,GFX_GROUP-42771,0.0000,-480.0000,BACKGROUND,X-3RD FLOOR.dwg,,
1,GFX_GROUP-42775,0.0000,-480.0000,BACKGROUND,X-3RD FLOOR.dwg,,
1,GFX_GROUP-7176,0.0000,-480.0000,BACKGROUND,X-3RD FLOOR.dwg,,
1,GFX_GROUP-51214,2270.0000,90.0000,BACKGROUND,X-2ND FLOOR.dwg,,
1,GFX_GROUP-18229,0.0000,-480.0000,BACKGROUND,X-3RD FLOOR.dwg,,
1,GFX_GROUP-18332,257.5000,-425.5000,BACKGROUND,X-3RD FLOOR.dwg,,
1,GFX_LINKED-23728,312.5000,-425.5000,SMOKE DETECTOR,X-3RD FLOOR.dwg,,2:M1-10-0
1,GFX_LINKED-18332,257.5000,-425.5000,SMOKE DETECTOR,X-3RD FLOOR.dwg,,2:M1-11-0
1,GFX_LINKED-23731,260.5000,-466.5000,SMOKE DETECTOR,X-3RD FLOOR.dwg,,2:M1-7-0
1,GFX_GROUP-23731,260.5000,-466.5000,BACKGROUND,X-3RD FLOOR.dwg,,
1,GFX_GROUP-50388,2038.0000,149.0000,BACKGROUND,X-2ND FLOOR.dwg,,
1,GFX_GROUP-56704,2390.0000,-190.0000,BACKGROUND,X-2ND FLOOR.dwg,,
1,GFX_LINKED-56707,2416.0000,-190.0000,TAMPER SWITCH,X-2ND FLOOR.dwg,,1:M2-67-0
1,GFX_LINKED-56704,2390.0000,-190.0000,WATER FLOW,X-2ND FLOOR.dwg,,1:M2-66-0
1,GFX_LINKED-3336,247.5000,-190.5000,SMOKE DETECTOR,X-2ND FLOOR.dwg,,1:M4-89-0
1,GFX_GROUP-3336,247.5000,-190.5000,BACKGROUND,X-2ND FLOOR.dwg,,
1,GFX_LINKED-48054,376.0000,50.0000,WATER FLOW,X-2ND FLOOR.dwg,,1:M2-46-0
1,GFX_GROUP-48054,376.0000,50.0000,BACKGROUND,X-2ND FLOOR.dwg,,
1,GFX_GROUP-48044,406.0000,49.0000,BACKGROUND,X-2ND FLOOR.dwg,,
1,GFX_GROUP-56707,2416.0000,-190.0000,BACKGROUND,X-2ND FLOOR.dwg,,
1,GFX_LINKED-48044,406.0000,49.0000,TAMPER SWITCH,X-2ND FLOOR.dwg,,1:M2-45-0
1,GFX_GROUP-3342,247.5000,-268.5000,BACKGROUND,X-2ND FLOOR.dwg,,
1,GFX_LINKED-53960,142.0000,-291.0000,PULL STATION,X-2ND FLOOR.dwg,,1:M2-43-0
1,GFX_GROUP-53960,142.0000,-291.0000,BACKGROUND,X-2ND FLOOR.dwg,,
1,GFX_GROUP-2111,2810.0000,-530.0000,BACKGROUND,X-2ND FLOOR.dwg,,
1,GFX_GROUP-2117,2836.0000,-530.0000,BACKGROUND,X-2ND FLOOR.dwg,,
1,GFX_LINKED-2111,2810.0000,-530.0000,WATER FLOW,X-2ND FLOOR.dwg,,1:M2-72-0
1,GFX_GROUP-52427,360.5000,-420.5000,BACKGROUND,X-2ND FLOOR.dwg,,
1,GFX_LINKED-3342,247.5000,-268.5000,SMOKE DETECTOR,X-2ND FLOOR.dwg,,1:M4-81-0
1,GFX_LINKED-52427,360.5000,-420.5000,SMOKE DETECTOR,X-2ND FLOOR.dwg,,1:M2-41-0
1,GFX_LINKED-52424,280.5000,-420.5000,SMOKE DETECTOR,X-2ND FLOOR.dwg,,1:M2-40-0
1,GFX_GROUP-52424,280.5000,-420.5000,BACKGROUND,X-2ND FLOOR.dwg,,
1,GFX_LINKED-48798,1334.0000,270.0000,WATER FLOW,X-2ND FLOOR.dwg,,1:M2-60-0
1,GFX_GROUP-48798,1334.0000,270.0000,BACKGROUND,X-2ND FLOOR.dwg,,
1,GFX_GROUP-48789,1147.5000,250.5000,BACKGROUND,X-2ND FLOOR.dwg,,
1,GFX_GROUP-48811,1047.5000,270.5000,BACKGROUND,X-2ND FLOOR.dwg,,
1,GFX_LINKED-48789,1147.5000,250.5000,DUCT DETECTOR,X-2ND FLOOR.dwg,,2:M2-113-0
1,GFX_GROUP-49429,1552.5000,269.5000,BACKGROUND,X-2ND FLOOR.dwg,,
1,GFX_LINKED-50388,2038.0000,149.0000,PULL STATION,X-2ND FLOOR.dwg,,1:M2-61-0
1,GFX_LINKED-49429,1552.5000,269.5000,SMOKE DETECTOR,X-2ND FLOOR.dwg,,2:M2-115-0
1,GFX_LINKED-49423,1485.5000,270.5000,DUCT DETECTOR,X-2ND FLOOR.dwg,,2:M2-101-0
1,GFX_GROUP-49423,1485.5000,270.5000,BACKGROUND,X-2ND FLOOR.dwg,,
1,GFX_LINKED-48811,1047.5000,270.5000,DUCT DETECTOR,X-2ND FLOOR.dwg,,2:M2-112-0
1,GFX_GROUP-48795,1360.0000,270.0000,BACKGROUND,X-2ND FLOOR.dwg,,
1,GFX_LINKED-48808,987.5000,170.5000,DUCT DETECTOR,X-2ND FLOOR.dwg,,2:M2-110-0
1,GFX_LINKED-48795,1360.0000,270.0000,TAMPER SWITCH,X-2ND FLOOR.dwg,,1:M2-59-0
1,GFX_LINKED-48050,662.0000,149.0000,PULL STATION,X-2ND FLOOR.dwg,,1:M2-47-0
1,GFX_GROUP-48050,662.0000,149.0000,BACKGROUND,X-2ND FLOOR.dwg,,
1,GFX_LINKED-48792,954.5000,269.5000,SMOKE DETECTOR,X-2ND FLOOR.dwg,,2:M2-116-0
1,GFX_GROUP-48792,954.5000,269.5000,BACKGROUND,X-2ND FLOOR.dwg,,
1,GFX_GROUP-48805,887.5000,190.5000,BACKGROUND,X-2ND FLOOR.dwg,,
1,GFX_GROUP-48808,987.5000,170.5000,BACKGROUND,X-2ND FLOOR.dwg,,
1,GFX_LINKED-48805,887.5000,190.5000,DUCT DETECTOR,X-2ND FLOOR.dwg,,2:M2-111-0
1,GFX_GROUP-4104,1362.0000,-450.0000,BACKGROUND,X-7TH FLOOR.dwg,,
1,GFX_GROUP-23545,1476.5000,-680.5000,BACKGROUND,X-1ST FLOOR.dwg,,
1,GFX_LINKED-23466,1476.5000,-720.5000,SMOKE DETECTOR,X-1ST FLOOR.dwg,,1:M2-79-0
1,GFX_LINKED-23545,1476.5000,-680.5000,DUCT DETECTOR,X-1ST FLOOR.dwg,,1:M2-78-0
1,GFX_LINKED-18289,1262.0000,-710.0000,PULL STATION,X-1ST FLOOR.dwg,,1:M2-106-0
1,GFX_GROUP-18289,1262.0000,-710.0000,BACKGROUND,X-1ST FLOOR.dwg,,
1,GFX_LINKED-23477,1912.0000,-690.0000,WATER FLOW,X-1ST FLOOR.dwg,,1:M2-25-0
1,GFX_GROUP-23477,1912.0000,-690.0000,BACKGROUND,X-1ST FLOOR.dwg,,
1,GFX_GROUP-23454,1887.0000,-690.0000,BACKGROUND,X-1ST FLOOR.dwg,,
1,GFX_GROUP-23466,1476.5000,-720.5000,BACKGROUND,X-1ST FLOOR.dwg,,
1,GFX_LINKED-23454,1887.0000,-690.0000,TAMPER SWITCH,X-1ST FLOOR.dwg,,1:M2-24-0
1,GFX_GROUP-1063,923.0000,-660.0000,BACKGROUND,X-1ST FLOOR.dwg,,
1,GFX_LINKED-12751,1418.5000,-400.5000,SMOKE DETECTOR,X-1ST FLOOR.dwg,,1:M2-101-0
1,GFX_GROUP-12751,1418.5000,-400.5000,BACKGROUND,X-1ST FLOOR.dwg,,
1,GFX_GROUP-12830,1218.5000,-400.5000,BACKGROUND,X-1ST FLOOR.dwg,,
1,GFX_GROUP-12833,1178.5000,-340.5000,BACKGROUND,X-1ST FLOOR.dwg,,
1,GFX_LINKED-12830,1218.5000,-400.5000,SMOKE DETECTOR,X-1ST FLOOR.dwg,,1:M2-102-0
1,GFX_GROUP-18225,900.0000,-670.0000,BACKGROUND,X-1ST FLOOR.dwg,,
1,GFX_LINKED-1063,923.0000,-660.0000,WATER FLOW,X-1ST FLOOR.dwg,,1:M1-113-0
1,GFX_LINKED-18225,900.0000,-670.0000,TAMPER SWITCH,X-1ST FLOOR.dwg,,1:M1-112-0
1,GFX_LINKED-13684,1456.5000,-320.5000,SMOKE DETECTOR,X-1ST FLOOR.dwg,,1:M2-100-0
1,GFX_GROUP-13684,1456.5000,-320.5000,BACKGROUND,X-1ST FLOOR.dwg,,
1,GFX_GROUP-20714,2454.5000,-680.5000,BACKGROUND,X-1ST FLOOR.dwg,,
1,GFX_LINKED-1555,2746.5000,-560.5000,DUCT DETECTOR,X-1ST FLOOR.dwg,,1:M2-115-0
1,GFX_LINKED-20714,2454.5000,-680.5000,SMOKE DETECTOR,X-1ST FLOOR.dwg,,1:M2-93-0
1,GFX_LINKED-20711,2454.5000,-740.5000,SMOKE DETECTOR,X-1ST FLOOR.dwg,,1:M2-94-0
1,GFX_GROUP-20711,2454.5000,-740.5000,BACKGROUND,X-1ST FLOOR.dwg,,
1,GFX_LINKED-20626,2594.5000,-680.5000,SMOKE DETECTOR,X-1ST FLOOR.dwg,,1:M2-111-0
1,GFX_GROUP-20626,2594.5000,-680.5000,BACKGROUND,X-1ST FLOOR.dwg,,
1,GFX_GROUP-3690,2806.5000,-577.5000,BACKGROUND,X-1ST FLOOR.dwg,,
1,GFX_GROUP-1555,2746.5000,-560.5000,BACKGROUND,X-1ST FLOOR.dwg,,
1,GFX_LINKED-3690,2806.5000,-577.5000,SMOKE DETECTOR,X-1ST FLOOR.dwg,,1:M2-114-0
1,GFX_GROUP-1561,2814.5000,-532.5000,BACKGROUND,X-1ST FLOOR.dwg,,
1,GFX_GROUP-3505,2154.0000,-960.0000,BACKGROUND,X-1ST FLOOR.dwg,,
1,GFX_GROUP-3583,2154.0000,-960.0000,BACKGROUND,X-1ST FLOOR.dwg,,
1,GFX_GROUP-3425,2154.0000,-960.0000,BACKGROUND,X-1ST FLOOR.dwg,,
1,GFX_GROUP-3230,2154.0000,-960.0000,BACKGROUND,X-1ST FLOOR.dwg,,
1,GFX_GROUP-3284,2154.0000,-960.0000,BACKGROUND,X-1ST FLOOR.dwg,,
1,GFX_GROUP-20708,2294.0000,-576.0000,BACKGROUND,X-1ST FLOOR.dwg,,
1,GFX_LINKED-1561,2814.5000,-532.5000,SMOKE DETECTOR,X-1ST FLOOR.dwg,,1:M2-117-0
1,GFX_LINKED-20708,2294.0000,-576.0000,TAMPER SWITCH,X-1ST FLOOR.dwg,,1:M2-35-0
1,GFX_LINKED-20637,2270.0000,-576.0000,WATER FLOW,X-1ST FLOOR.dwg,,1:M2-34-0
1,GFX_GROUP-20637,2270.0000,-576.0000,BACKGROUND,X-1ST FLOOR.dwg,,
1,GFX_LINKED-12833,1178.5000,-340.5000,SMOKE DETECTOR,X-1ST FLOOR.dwg,,1:M2-103-0
1,GFX_LINKED-10914,2494.5000,199.5000,SMOKE DETECTOR,X-1ST FLOOR.dwg,,1:M2-28-0
1,GFX_GROUP-10914,2494.5000,199.5000,BACKGROUND,X-1ST FLOOR.dwg,,
1,GFX_GROUP-7975,1578.0000,170.0000,BACKGROUND,X-1ST FLOOR.dwg,,
1,GFX_GROUP-7998,1532.0000,170.0000,BACKGROUND,X-1ST FLOOR.dwg,,
1,GFX_LINKED-7975,1578.0000,170.0000,TAMPER SWITCH,X-1ST FLOOR.dwg,,1:M2-18-0
1,GFX_GROUP-10823,2235.0000,190.0000,BACKGROUND,X-1ST FLOOR.dwg,,
1,GFX_LINKED-10920,2235.0000,150.0000,TAMPER SWITCH,X-1ST FLOOR.dwg,,1:M2-31-0
1,GFX_LINKED-10823,2235.0000,190.0000,TAMPER SWITCH,X-1ST FLOOR.dwg,,1:M2-31-0
1,GFX_LINKED-10835,2494.5000,139.5000,SMOKE DETECTOR,X-1ST FLOOR.dwg,,1:M2-29-0
1,GFX_GROUP-10835,2494.5000,139.5000,BACKGROUND,X-1ST FLOOR.dwg,,
1,GFX_LINKED-7998,1532.0000,170.0000,WATER FLOW,X-1ST FLOOR.dwg,,1:M2-19-0
1,GFX_GROUP-6170,482.0000,80.0000,BACKGROUND,X-1ST FLOOR.dwg,,
1,GFX_LINKED-7032,1320.0000,260.0000,TAMPER SWITCH,X-1ST FLOOR.dwg,,1:M2-18-0
1,GFX_LINKED-6170,482.0000,80.0000,TAMPER SWITCH,X-1ST FLOOR.dwg,,1:M2-16-0
1,GFX_LINKED-6191,445.0000,80.0000,WATER FLOW,X-1ST FLOOR.dwg,,1:M2-17-0
1,GFX_GROUP-6191,445.0000,80.0000,BACKGROUND,X-1ST FLOOR.dwg,,
1,GFX_LINKED-7981,2087.3407,269.0000,PULL STATION,X-1ST FLOOR.dwg,,1:M2-26-0
1,GFX_GROUP-7981,2087.3407,269.0000,BACKGROUND,X-1ST FLOOR.dwg,,
1,GFX_GROUP-7053,1283.0000,260.0000,BACKGROUND,X-1ST FLOOR.dwg,,
1,GFX_GROUP-7032,1320.0000,260.0000,BACKGROUND,X-1ST FLOOR.dwg,,
1,GFX_LINKED-7053,1283.0000,260.0000,WATER FLOW,X-1ST FLOOR.dwg,,1:M2-19-0
1,GFX_GROUP-11857,280.5000,-440.5000,BACKGROUND,X-1ST FLOOR.dwg,,
1,GFX_LINKED-11854,360.5000,-440.5000,SMOKE DETECTOR,X-1ST FLOOR.dwg,,1:M2-12-0
1,GFX_LINKED-11857,280.5000,-440.5000,SMOKE DETECTOR,X-1ST FLOOR.dwg,,1:M2-107-0
1,GFX_LINKED-11860,162.0000,-311.0000,PULL STATION,X-1ST FLOOR.dwg,,1:M2-10-0
1,GFX_GROUP-11860,162.0000,-311.0000,BACKGROUND,X-1ST FLOOR.dwg,,
1,GFX_LINKED-929,240.5000,-200.5000,SMOKE DETECTOR,X-1ST FLOOR.dwg,,1:M4-41-0
1,GFX_GROUP-929,240.5000,-200.5000,BACKGROUND,X-1ST FLOOR.dwg,,
1,GFX_GROUP-923,240.5000,-280.5000,BACKGROUND,X-1ST FLOOR.dwg,,
1,GFX_GROUP-11854,360.5000,-440.5000,BACKGROUND,X-1ST FLOOR.dwg,,
1,GFX_LINKED-923,240.5000,-280.5000,SMOKE DETECTOR,X-1ST FLOOR.dwg,,1:M4-32-0
1,GFX_GROUP-11864,162.0000,-151.0000,BACKGROUND,X-1ST FLOOR.dwg,,
1,GFX_LINKED-10917,2210.0000,150.0000,WATER FLOW,X-1ST FLOOR.dwg,,1:M2-30-0
1,GFX_GROUP-10917,2210.0000,150.0000,BACKGROUND,X-1ST FLOOR.dwg,,
1,GFX_GROUP-10846,2210.0000,190.0000,BACKGROUND,X-1ST FLOOR.dwg,,
1,GFX_GROUP-10920,2235.0000,150.0000,BACKGROUND,X-1ST FLOOR.dwg,,
1,GFX_LINKED-10846,2210.0000,190.0000,WATER FLOW,X-1ST FLOOR.dwg,,1:M2-30-0
1,GFX_GROUP-10887,2603.0000,50.0000,BACKGROUND,X-1ST FLOOR.dwg,,
1,GFX_LINKED-11864,162.0000,-151.0000,PULL STATION,X-1ST FLOOR.dwg,,1:M2-15-0
1,GFX_LINKED-10887,2603.0000,50.0000,PULL STATION,X-1ST FLOOR.dwg,,1:M2-32-0
1,GFX_LINKED-10829,2476.0000,269.0000,PULL STATION,X-1ST FLOOR.dwg,,1:M2-27-0
1,GFX_GROUP-10829,2476.0000,269.0000,BACKGROUND,X-1ST FLOOR.dwg,,
1,GFX_GROUP-5323,2058.0000,-90.0000,BACKGROUND,X-7TH FLOOR.dwg,,
1,GFX_LINKED-2847,1507.0000,-296.0000,PULL STATION,X-7TH FLOOR.dwg,,3:M2-80-0
1,GFX_LINKED-5323,2058.0000,-90.0000,TAMPER SWITCH,X-7TH FLOOR.dwg,,3:M2-36-0
1,GFX_LINKED-5334,2032.0000,-90.0000,WATER FLOW,X-7TH FLOOR.dwg,,3:M2-37-0
1,GFX_GROUP-5334,2032.0000,-90.0000,BACKGROUND,X-7TH FLOOR.dwg,,
1,GFX_LINKED-4154,1952.5000,-238.5000,DUCT DETECTOR,X-7TH FLOOR.dwg,,3:M2-85-0
1,GFX_GROUP-4154,1952.5000,-238.5000,BACKGROUND,X-7TH FLOOR.dwg,,
1,GFX_GROUP-5346,1450.5000,-325.5000,BACKGROUND,X-7TH FLOOR.dwg,,
1,GFX_GROUP-2847,1507.0000,-296.0000,BACKGROUND,X-7TH FLOOR.dwg,,
1,GFX_LINKED-5346,1450.5000,-325.5000,SMOKE DETECTOR,X-7TH FLOOR.dwg,,3:M2-1-0
1,GFX_GROUP-945,2470.5000,-38.5000,BACKGROUND,X-7TH FLOOR.dwg,,
1,GFX_LINKED-927,2470.5000,-78.5000,DUCT DETECTOR,X-7TH FLOOR.dwg,,3:M2-111-0
1,GFX_GROUP-927,2470.5000,-78.5000,BACKGROUND,X-7TH FLOOR.dwg,,
1,GFX_GROUP-6377,2236.0000,-90.0000,BACKGROUND,X-7TH FLOOR.dwg,,
1,GFX_GROUP-6578,2511.5000,-395.5000,BACKGROUND,X-7TH FLOOR.dwg,,
1,GFX_LINKED-6377,2236.0000,-90.0000,TAMPER SWITCH,X-7TH FLOOR.dwg,,3:M2-42-0
1,GFX_GROUP-933,2470.5000,-198.5000,BACKGROUND,X-7TH FLOOR.dwg,,
1,GFX_LINKED-945,2470.5000,-38.5000,DUCT DETECTOR,X-7TH FLOOR.dwg,,3:M2-110-0
1,GFX_LINKED-933,2470.5000,-198.5000,DUCT DETECTOR,X-7TH FLOOR.dwg,,3:M2-113-0
1,GFX_LINKED-939,2470.5000,-158.5000,DUCT DETECTOR,X-7TH FLOOR.dwg,,3:M2-112-0
1,GFX_GROUP-939,2470.5000,-158.5000,BACKGROUND,X-7TH FLOOR.dwg,,
1,GFX_LINKED-4090,1398.5000,-460.5000,SMOKE DETECTOR,X-7TH FLOOR.dwg,,3:M2-106-0
1,GFX_GROUP-4090,1398.5000,-460.5000,BACKGROUND,X-7TH FLOOR.dwg,,
1,GFX_GROUP-4135-1,1302.0000,-390.0000,BACKGROUND,X-7TH FLOOR.dwg,,
1,GFX_GROUP-4135,1129.0000,-221.0000,BACKGROUND,X-7TH FLOOR.dwg,,
1,GFX_LINKED-4135-1,1302.0000,-390.0000,PULL STATION,X-7TH FLOOR.dwg,,3:M2-30-0
1,GFX_GROUP-4138,1398.5000,-420.5000,BACKGROUND,X-7TH FLOOR.dwg,,
1,GFX_LINKED-4104,1362.0000,-450.0000,PULL STATION,X-7TH FLOOR.dwg,,3:M2-101-0
1,GFX_LINKED-4138,1398.5000,-420.5000,SMOKE DETECTOR,X-7TH FLOOR.dwg,,3:M2-103-0
1,GFX_LINKED-4141,1398.5000,-360.5000,SMOKE DETECTOR,X-7TH FLOOR.dwg,,3:M2-2-0
1,GFX_GROUP-4141,1398.5000,-360.5000,BACKGROUND,X-7TH FLOOR.dwg,,
1,GFX_LINKED-4135,1129.0000,-221.0000,WATER FLOW,X-7TH FLOOR.dwg,,3:M2-46-0
1,GFX_GROUP-7550,1970.5000,-145.5000,BACKGROUND,X-7TH FLOOR.dwg,,
1,GFX_LINKED-4144,1204.0000,-221.0000,TAMPER SWITCH,X-7TH FLOOR.dwg,,3:M2-43-0
1,GFX_LINKED-7550,1970.5000,-145.5000,SMOKE DETECTOR,X-7TH FLOOR.dwg,,3:M2-75-0
1,GFX_LINKED-4148,1978.5000,-261.5000,DUCT DETECTOR,X-7TH FLOOR.dwg,,3:M2-86-0
1,GFX_GROUP-4148,1978.5000,-261.5000,BACKGROUND,X-7TH FLOOR.dwg,,
1,GFX_LINKED-4153,1154.0000,-221.0000,WATER FLOW,X-7TH FLOOR.dwg,,3:M2-44-0
1,GFX_GROUP-4153,1154.0000,-221.0000,BACKGROUND,X-7TH FLOOR.dwg,,
1,GFX_GROUP-4156,1180.0000,-221.0000,BACKGROUND,X-7TH FLOOR.dwg,,
1,GFX_GROUP-4144,1204.0000,-221.0000,BACKGROUND,X-7TH FLOOR.dwg,,
1,GFX_LINKED-4156,1180.0000,-221.0000,TAMPER SWITCH,X-7TH FLOOR.dwg,,3:M2-45-0
1,GFX_LINKED-6578,2511.5000,-395.5000,SMOKE DETECTOR,X-7TH FLOOR.dwg,,3:M2-77-0
1,GFX_LINKED-1917,1958.0000,-656.0000,TAMPER SWITCH,X-7TH FLOOR.dwg,,3:M2-38-0
1,GFX_GROUP-1917,1958.0000,-656.0000,BACKGROUND,X-7TH FLOOR.dwg,,
1,GFX_GROUP-12372,1676.5000,-760.5000,BACKGROUND,X-7TH FLOOR.dwg,,
1,GFX_GROUP-15844,382.0000,-670.0000,BACKGROUND,X-1ST FLOOR.dwg,,
1,GFX_LINKED-12372,1676.5000,-760.5000,SMOKE DETECTOR,X-7TH FLOOR.dwg,,3:M2-76-0
1,GFX_GROUP-9261,2470.5000,-590.5000,BACKGROUND,X-7TH FLOOR.dwg,,
1,GFX_LINKED-13461,2470.5000,-563.5000,SMOKE DETECTOR,X-7TH FLOOR.dwg,,3:M2-26-0
1,GFX_LINKED-9261,2470.5000,-590.5000,SMOKE DETECTOR,X-7TH FLOOR.dwg,,3:M2-47-0
1,GFX_LINKED-955,1932.0000,-656.0000,WATER FLOW,X-7TH FLOOR.dwg,,3:M2-39-0
1,GFX_GROUP-955,1932.0000,-656.0000,BACKGROUND,X-7TH FLOOR.dwg,,
1,GFX_LINKED-15844,382.0000,-670.0000,TAMPER SWITCH,X-1ST FLOOR.dwg,,1:M2-13-0
1,GFX_GROUP-3696,2587.0000,-787.0000,BACKGROUND,X-1ST FLOOR.dwg,,
1,GFX_LINKED-20678,2427.0000,-787.0000,PULL STATION,X-1ST FLOOR.dwg,,1:M2-36-0
1,GFX_LINKED-3696,2587.0000,-787.0000,PULL STATION,X-1ST FLOOR.dwg,,1:M2-113-0
1,GFX_LINKED-20717,2594.5000,-740.5000,SMOKE DETECTOR,X-1ST FLOOR.dwg,,1:M2-110-0
1,GFX_GROUP-20717,2594.5000,-740.5000,BACKGROUND,X-1ST FLOOR.dwg,,
1,GFX_LINKED-15867,336.0000,-670.0000,WATER FLOW,X-1ST FLOOR.dwg,,1:M2-14-0
1,GFX_GROUP-15867,336.0000,-670.0000,BACKGROUND,X-1ST FLOOR.dwg,,
1,GFX_GROUP-1535,2594.5000,-620.5000,BACKGROUND,X-1ST FLOOR.dwg,,
1,GFX_GROUP-20678,2427.0000,-787.0000,BACKGROUND,X-1ST FLOOR.dwg,,
1,GFX_LINKED-1535,2594.5000,-620.5000,SMOKE DETECTOR,X-1ST FLOOR.dwg,,1:M2-95-0
1,GFX_GROUP-6399,2316.0000,-210.0000,BACKGROUND,X-7TH FLOOR.dwg,,
1,GFX_LINKED-4534,2196.5000,-278.5000,DUCT DETECTOR,X-7TH FLOOR.dwg,,3:M2-82-0
1,GFX_LINKED-6399,2316.0000,-210.0000,TAMPER SWITCH,X-7TH FLOOR.dwg,,3:M2-40-0
1,GFX_LINKED-6368,2290.0000,-210.0000,WATER FLOW,X-7TH FLOOR.dwg,,3:M2-41-0
1,GFX_GROUP-6368,2290.0000,-210.0000,BACKGROUND,X-7TH FLOOR.dwg,,
1,GFX_LINKED-4546,2210.5000,-318.5000,DUCT DETECTOR,X-7TH FLOOR.dwg,,3:M2-84-0
1,GFX_GROUP-4546,2210.5000,-318.5000,BACKGROUND,X-7TH FLOOR.dwg,,
1,GFX_GROUP-4540,2230.5000,-278.5000,BACKGROUND,X-7TH FLOOR.dwg,,
1,GFX_GROUP-4534,2196.5000,-278.5000,BACKGROUND,X-7TH FLOOR.dwg,,
1,GFX_LINKED-4540,2230.5000,-278.5000,DUCT DETECTOR,X-7TH FLOOR.dwg,,3:M2-83-0
1,GFX_GROUP-661,2530.5000,-675.5000,BACKGROUND,X-7TH FLOOR.dwg,,
1,GFX_LINKED-9176,2486.5000,-630.5000,SMOKE DETECTOR,X-7TH FLOOR.dwg,,3:M6-91-0
1,GFX_GROUP-9176,2486.5000,-630.5000,BACKGROUND,X-7TH FLOOR.dwg,,
1,GFX_GROUP-9270,2476.0000,-531.0000,BACKGROUND,X-7TH FLOOR.dwg,,
1,GFX_GROUP-13461,2470.5000,-563.5000,BACKGROUND,X-7TH FLOOR.dwg,,
1,GFX_LINKED-9270,2476.0000,-531.0000,PULL STATION,X-7TH FLOOR.dwg,,3:M2-31-0
1,GFX_GROUP-37802,2486.5000,-675.5000,BACKGROUND,X-7TH FLOOR.dwg,,
1,GFX_LINKED-661,2530.5000,-675.5000,SMOKE DETECTOR,X-7TH FLOOR.dwg,,3:M6-94-0
1,GFX_LINKED-37802,2486.5000,-675.5000,SMOKE DETECTOR,X-7TH FLOOR.dwg,,3:M6-93-0
1,GFX_LINKED-9182,2530.5000,-630.5000,SMOKE DETECTOR,X-7TH FLOOR.dwg,,3:M6-92-0
1,GFX_GROUP-9182,2530.5000,-630.5000,BACKGROUND,X-7TH FLOOR.dwg,,
1,GFX_LINKED-9638,582.5000,-404.5000,DUCT DETECTOR,X-3RD FLOOR.dwg,,2:M1-104-0
1,GFX_GROUP-39503,2526.0000,-540.0000,BACKGROUND,X-3RD FLOOR.dwg,,
1,GFX_LINKED-39508,2616.0000,-496.0000,PULL STATION,X-3RD FLOOR.dwg,,2:M1-39-0
1,GFX_LINKED-39503,2526.0000,-540.0000,PULL STATION,X-3RD FLOOR.dwg,,2:M1-38-0
1,GFX_GROUP-51187,2154.0000,-960.0000,BACKGROUND,X-3RD FLOOR.dwg,,
1,GFX_GROUP-51194,2154.0000,-960.0000,BACKGROUND,X-3RD FLOOR.dwg,,
1,GFX_GROUP-31772,2154.0000,0.0000,BACKGROUND,X-3RD FLOOR.dwg,,
1,GFX_GROUP-31775,2154.0000,0.0000,BACKGROUND,X-3RD FLOOR.dwg,,
1,GFX_GROUP-39497,2790.0000,-510.0000,BACKGROUND,X-3RD FLOOR.dwg,,
1,GFX_GROUP-39508,2616.0000,-496.0000,BACKGROUND,X-3RD FLOOR.dwg,,
1,GFX_LINKED-39497,2790.0000,-510.0000,TAMPER SWITCH,X-3RD FLOOR.dwg,,2:M1-40-0
1,GFX_GROUP-51186,2154.0000,-960.0000,BACKGROUND,X-3RD FLOOR.dwg,,
1,GFX_GROUP-12274,2154.0000,-960.0000,BACKGROUND,X-3RD FLOOR.dwg,,
1,GFX_GROUP-12314,2154.0000,-960.0000,BACKGROUND,X-3RD FLOOR.dwg,,
1,GFX_GROUP-12272,2154.0000,-960.0000,BACKGROUND,X-3RD FLOOR.dwg,,
1,GFX_GROUP-12230,2154.0000,-960.0000,BACKGROUND,X-3RD FLOOR.dwg,,
1,GFX_GROUP-12232,2154.0000,-960.0000,BACKGROUND,X-3RD FLOOR.dwg,,
1,GFX_GROUP-44396,2154.0000,-960.0000,BACKGROUND,X-3RD FLOOR.dwg,,
1,GFX_GROUP-44473,2154.0000,-960.0000,BACKGROUND,X-3RD FLOOR.dwg,,
1,GFX_GROUP-12358,2154.0000,-960.0000,BACKGROUND,X-3RD FLOOR.dwg,,
1,GFX_GROUP-12316,2154.0000,-960.0000,BACKGROUND,X-3RD FLOOR.dwg,,
1,GFX_GROUP-12356,2154.0000,-960.0000,BACKGROUND,X-3RD FLOOR.dwg,,
1,GFX_LINKED-17322,2554.5000,119.5000,SMOKE DETECTOR,X-3RD FLOOR.dwg,,2:M1-37-0
1,GFX_GROUP-17322,2554.5000,119.5000,BACKGROUND,X-3RD FLOOR.dwg,,
1,GFX_GROUP-17319,2554.5000,199.5000,BACKGROUND,X-3RD FLOOR.dwg,,
1,GFX_GROUP-17311,2176.0000,10.0000,BACKGROUND,X-3RD FLOOR.dwg,,
1,GFX_LINKED-17319,2554.5000,199.5000,SMOKE DETECTOR,X-3RD FLOOR.dwg,,2:M1-36-0
1,GFX_GROUP-34000,1436.0000,0.0000,BACKGROUND,X-3RD FLOOR.dwg,,
1,GFX_GROUP-34694,1436.0000,0.0000,BACKGROUND,X-3RD FLOOR.dwg,,
1,GFX_GROUP-33921,1436.0000,0.0000,BACKGROUND,X-3RD FLOOR.dwg,,
1,GFX_LINKED-17308,2203.0000,10.0000,WATER FLOW,X-3RD FLOOR.dwg,,2:M1-34-0
1,GFX_GROUP-17308,2203.0000,10.0000,BACKGROUND,X-3RD FLOOR.dwg,,
1,GFX_LINKED-17311,2176.0000,10.0000,TAMPER SWITCH,X-3RD FLOOR.dwg,,2:M1-33-0
1,GFX_GROUP-17325,2494.5000,139.5000,BACKGROUND,X-3RD FLOOR.dwg,,
1,GFX_LINKED-17328,2454.5000,59.5000,SMOKE DETECTOR,X-3RD FLOOR.dwg,,2:M4-8-0
1,GFX_LINKED-17325,2494.5000,139.5000,SMOKE DETECTOR,X-3RD FLOOR.dwg,,2:M4-10-0
1,GFX_GROUP-31781,2154.0000,0.0000,BACKGROUND,X-3RD FLOOR.dwg,,
1,GFX_GROUP-31787,2154.0000,0.0000,BACKGROUND,X-3RD FLOOR.dwg,,
1,GFX_LINKED-17305,2194.5000,59.5000,SMOKE DETECTOR,X-3RD FLOOR.dwg,,2:M4-16-0
1,GFX_GROUP-17305,2194.5000,59.5000,BACKGROUND,X-3RD FLOOR.dwg,,
1,GFX_GROUP-17331,2374.5000,59.5000,BACKGROUND,X-3RD FLOOR.dwg,,
1,GFX_GROUP-17328,2454.5000,59.5000,BACKGROUND,X-3RD FLOOR.dwg,,
1,GFX_LINKED-17331,2374.5000,59.5000,SMOKE DETECTOR,X-3RD FLOOR.dwg,,2:M4-9-0
1,GFX_GROUP-12190,2154.0000,-960.0000,BACKGROUND,X-3RD FLOOR.dwg,,
1,GFX_GROUP-31736,1436.0000,-960.0000,BACKGROUND,X-3RD FLOOR.dwg,,
1,GFX_GROUP-31739,1436.0000,-960.0000,BACKGROUND,X-3RD FLOOR.dwg,,
1,GFX_GROUP-31702,1436.0000,-960.0000,BACKGROUND,X-3RD FLOOR.dwg,,
1,GFX_GROUP-31674,1436.0000,-960.0000,BACKGROUND,X-3RD FLOOR.dwg,,
1,GFX_GROUP-31679,1436.0000,-960.0000,BACKGROUND,X-3RD FLOOR.dwg,,
1,GFX_GROUP-40697,1436.0000,-960.0000,BACKGROUND,X-3RD FLOOR.dwg,,
1,GFX_LINKED-38269,1652.5000,-678.5000,DUCT DETECTOR,X-3RD FLOOR.dwg,,2:M1-94-0
1,GFX_GROUP-40696,1436.0000,-960.0000,BACKGROUND,X-3RD FLOOR.dwg,,
1,GFX_GROUP-31768,1436.0000,-960.0000,BACKGROUND,X-3RD FLOOR.dwg,,
1,GFX_GROUP-31789,1436.0000,-960.0000,BACKGROUND,X-3RD FLOOR.dwg,,
1,GFX_GROUP-27195,1436.0000,-960.0000,BACKGROUND,X-3RD FLOOR.dwg,,
1,GFX_GROUP-26987,1436.0000,-960.0000,BACKGROUND,X-3RD FLOOR.dwg,,
1,GFX_GROUP-26990,1436.0000,-960.0000,BACKGROUND,X-3RD FLOOR.dwg,,
1,GFX_GROUP-26930,1436.0000,-960.0000,BACKGROUND,X-3RD FLOOR.dwg,,
1,GFX_GROUP-26895,1436.0000,-960.0000,BACKGROUND,X-3RD FLOOR.dwg,,
1,GFX_GROUP-26927,1436.0000,-960.0000,BACKGROUND,X-3RD FLOOR.dwg,,
1,GFX_GROUP-27135,1436.0000,-960.0000,BACKGROUND,X-3RD FLOOR.dwg,,
1,GFX_GROUP-27192,1436.0000,-960.0000,BACKGROUND,X-3RD FLOOR.dwg,,
1,GFX_GROUP-27132,1436.0000,-960.0000,BACKGROUND,X-3RD FLOOR.dwg,,
1,GFX_GROUP-27047,1436.0000,-960.0000,BACKGROUND,X-3RD FLOOR.dwg,,
1,GFX_GROUP-27050,1436.0000,-960.0000,BACKGROUND,X-3RD FLOOR.dwg,,
1,GFX_GROUP-62542,2154.0000,-960.0000,BACKGROUND,X-3RD FLOOR.dwg,,
1,GFX_GROUP-62675,2154.0000,-960.0000,BACKGROUND,X-3RD FLOOR.dwg,,
1,GFX_GROUP-62397,2154.0000,-960.0000,BACKGROUND,X-3RD FLOOR.dwg,,
1,GFX_GROUP-62295,2154.0000,-960.0000,BACKGROUND,X-3RD FLOOR.dwg,,
1,GFX_GROUP-62352,2154.0000,-960.0000,BACKGROUND,X-3RD FLOOR.dwg,,
1,GFX_GROUP-12148,2154.0000,-960.0000,BACKGROUND,X-3RD FLOOR.dwg,,
1,GFX_GROUP-12188,2154.0000,-960.0000,BACKGROUND,X-3RD FLOOR.dwg,,
1,GFX_GROUP-12146,2154.0000,-960.0000,BACKGROUND,X-3RD FLOOR.dwg,,
1,GFX_GROUP-12104,2154.0000,-960.0000,BACKGROUND,X-3RD FLOOR.dwg,,
1,GFX_GROUP-12106,2154.0000,-960.0000,BACKGROUND,X-3RD FLOOR.dwg,,
1,GFX_GROUP-61828,2154.0000,-960.0000,BACKGROUND,X-3RD FLOOR.dwg,,
1,GFX_LINKED-38272,2044.0000,-601.0000,PULL STATION,X-3RD FLOOR.dwg,,2:M1-30-0
1,GFX_GROUP-38272,2044.0000,-601.0000,BACKGROUND,X-3RD FLOOR.dwg,,
1,GFX_GROUP-38364,2136.5000,-700.5000,BACKGROUND,X-3RD FLOOR.dwg,,
1,GFX_GROUP-38269,1652.5000,-678.5000,BACKGROUND,X-3RD FLOOR.dwg,,
1,GFX_LINKED-38364,2136.5000,-700.5000,SMOKE DETECTOR,X-3RD FLOOR.dwg,,2:M1-92-0
1,GFX_GROUP-38266,2142.0000,-570.0000,BACKGROUND,X-3RD FLOOR.dwg,,
1,GFX_GROUP-61695,2154.0000,-960.0000,BACKGROUND,X-3RD FLOOR.dwg,,
1,GFX_LINKED-38266,2142.0000,-570.0000,TAMPER SWITCH,X-3RD FLOOR.dwg,,2:M1-31-0
1,GFX_LINKED-38289,2117.0000,-570.0000,WATER FLOW,X-3RD FLOOR.dwg,,2:M1-32-0
1,GFX_GROUP-38289,2117.0000,-570.0000,BACKGROUND,X-3RD FLOOR.dwg,,
1,GFX_GROUP-10866,0.0000,0.0000,BACKGROUND,X-3RD FLOOR.dwg,,
1,GFX_GROUP-10872,0.0000,0.0000,BACKGROUND,X-3RD FLOOR.dwg,,
1,GFX_GROUP-10860,0.0000,0.0000,BACKGROUND,X-3RD FLOOR.dwg,,
1,GFX_GROUP-10848,0.0000,0.0000,BACKGROUND,X-3RD FLOOR.dwg,,
1,GFX_GROUP-10857,0.0000,0.0000,BACKGROUND,X-3RD FLOOR.dwg,,
1,GFX_GROUP-10893,0.0000,0.0000,BACKGROUND,X-3RD FLOOR.dwg,,
1,GFX_GROUP-10905,0.0000,0.0000,BACKGROUND,X-3RD FLOOR.dwg,,
1,GFX_GROUP-10890,0.0000,0.0000,BACKGROUND,X-3RD FLOOR.dwg,,
1,GFX_GROUP-10878,0.0000,0.0000,BACKGROUND,X-3RD FLOOR.dwg,,
1,GFX_GROUP-10884,0.0000,0.0000,BACKGROUND,X-3RD FLOOR.dwg,,
1,GFX_GROUP-10841,0.0000,0.0000,BACKGROUND,X-3RD FLOOR.dwg,,
1,GFX_LINKED-5405,1260.0000,250.0000,TAMPER SWITCH,X-3RD FLOOR.dwg,,2:M1-28-0
1,GFX_GROUP-5405,1260.0000,250.0000,BACKGROUND,X-3RD FLOOR.dwg,,
1,GFX_GROUP-2699,1234.0000,250.0000,BACKGROUND,X-3RD FLOOR.dwg,,
1,GFX_GROUP-22212,718.0000,0.0000,BACKGROUND,X-3RD FLOOR.dwg,,
1,GFX_LINKED-2699,1234.0000,250.0000,WATER FLOW,X-3RD FLOOR.dwg,,2:M1-29-0
1,GFX_GROUP-19356,0.0000,0.0000,BACKGROUND,X-3RD FLOOR.dwg,,
1,GFX_GROUP-10838,0.0000,0.0000,BACKGROUND,X-3RD FLOOR.dwg,,
1,GFX_GROUP-19277,0.0000,0.0000,BACKGROUND,X-3RD FLOOR.dwg,,
1,GFX_GROUP-18495,0.0000,0.0000,BACKGROUND,X-3RD FLOOR.dwg,,
1,GFX_GROUP-18574,0.0000,0.0000,BACKGROUND,X-3RD FLOOR.dwg,,
1,GFX_GROUP-20545,689.5000,137.5000,BACKGROUND,X-4TH FLOOR.dwg,,
1,GFX_LINKED-20542,686.5000,197.5000,DUCT DETECTOR,X-4TH FLOOR.dwg,,2:M3-41-0
1,GFX_LINKED-20545,689.5000,137.5000,DUCT DETECTOR,X-4TH FLOOR.dwg,,2:M3-40-0
1,GFX_LINKED-20527,689.5000,14.5000,DUCT DETECTOR,X-4TH FLOOR.dwg,,2:M3-33-0
1,GFX_GROUP-20527,689.5000,14.5000,BACKGROUND,X-4TH FLOOR.dwg,,
1,GFX_LINKED-20566,705.5000,57.5000,DUCT DETECTOR,X-4TH FLOOR.dwg,,2:M3-39-0
1,GFX_GROUP-20566,705.5000,57.5000,BACKGROUND,X-4TH FLOOR.dwg,,
1,GFX_GROUP-20569,669.5000,57.5000,BACKGROUND,X-4TH FLOOR.dwg,,
1,GFX_GROUP-20542,686.5000,197.5000,BACKGROUND,X-4TH FLOOR.dwg,,
1,GFX_LINKED-20569,669.5000,57.5000,DUCT DETECTOR,X-4TH FLOOR.dwg,,2:M3-38-0
1,GFX_GROUP-9386,462.0000,39.0000,BACKGROUND,X-3RD FLOOR.dwg,,
1,GFX_LINKED-9392,588.0000,114.0000,PULL STATION,X-3RD FLOOR.dwg,,2:M1-15-0
1,GFX_GROUP-9392,588.0000,114.0000,BACKGROUND,X-3RD FLOOR.dwg,,
1,GFX_GROUP-16976,0.0000,0.0000,BACKGROUND,X-3RD FLOOR.dwg,,
1,GFX_GROUP-10910,0.0000,0.0000,BACKGROUND,X-3RD FLOOR.dwg,,
1,GFX_GROUP-16970,0.0000,0.0000,BACKGROUND,X-3RD FLOOR.dwg,,
1,GFX_GROUP-9409,411.0000,40.0000,BACKGROUND,X-3RD FLOOR.dwg,,
1,GFX_LINKED-9386,462.0000,39.0000,TAMPER SWITCH,X-3RD FLOOR.dwg,,2:M1-13-0
1,GFX_LINKED-9409,411.0000,40.0000,WATER FLOW,X-3RD FLOOR.dwg,,2:M1-16-0
1,GFX_LINKED-924,436.0000,40.0000,WATER FLOW,X-3RD FLOOR.dwg,,2:M1-14-0
1,GFX_GROUP-924,436.0000,40.0000,BACKGROUND,X-3RD FLOOR.dwg,,
1,GFX_GROUP-22179,718.0000,0.0000,BACKGROUND,X-3RD FLOOR.dwg,,
1,GFX_GROUP-8693,2098.5000,92.5000,BACKGROUND,X-3RD FLOOR.dwg,,
1,GFX_LINKED-12285,1496.5000,219.5000,SMOKE DETECTOR,X-3RD FLOOR.dwg,,2:M4-38-0
1,GFX_LINKED-8693,2098.5000,92.5000,HEAT DETECTOR,X-3RD FLOOR.dwg,,2:M4-15-0
1,GFX_LINKED-12309,1976.5000,99.5000,SMOKE DETECTOR,X-3RD FLOOR.dwg,,2:M4-13-0
1,GFX_GROUP-12309,1976.5000,99.5000,BACKGROUND,X-3RD FLOOR.dwg,,
1,GFX_LINKED-12291,1676.5000,219.5000,SMOKE DETECTOR,X-3RD FLOOR.dwg,,2:M4-33-0
1,GFX_GROUP-12291,1676.5000,219.5000,BACKGROUND,X-3RD FLOOR.dwg,,
1,GFX_GROUP-12288,1576.5000,219.5000,BACKGROUND,X-3RD FLOOR.dwg,,
1,GFX_GROUP-12285,1496.5000,219.5000,BACKGROUND,X-3RD FLOOR.dwg,,
1,GFX_LINKED-12288,1576.5000,219.5000,SMOKE DETECTOR,X-3RD FLOOR.dwg,,2:M4-37-0
1,GFX_GROUP-12303,2136.5000,139.5000,BACKGROUND,X-3RD FLOOR.dwg,,
1,GFX_LINKED-12318,1916.5000,59.5000,SMOKE DETECTOR,X-3RD FLOOR.dwg,,2:M4-23-0
1,GFX_GROUP-12318,1916.5000,59.5000,BACKGROUND,X-3RD FLOOR.dwg,,
1,GFX_GROUP-12321,1796.5000,59.5000,BACKGROUND,X-3RD FLOOR.dwg,,
1,GFX_GROUP-34773,1436.0000,0.0000,BACKGROUND,X-3RD FLOOR.dwg,,
1,GFX_LINKED-12321,1796.5000,59.5000,SMOKE DETECTOR,X-3RD FLOOR.dwg,,2:M4-30-0
1,GFX_GROUP-12300,2136.5000,219.5000,BACKGROUND,X-3RD FLOOR.dwg,,
1,GFX_LINKED-12303,2136.5000,139.5000,SMOKE DETECTOR,X-3RD FLOOR.dwg,,2:M4-12-0
1,GFX_LINKED-12300,2136.5000,219.5000,SMOKE DETECTOR,X-3RD FLOOR.dwg,,2:M4-11-0
1,GFX_LINKED-13384,2047.0000,118.0000,PULL STATION,X-3RD FLOOR.dwg,,2:M1-35-0
1,GFX_GROUP-13384,2047.0000,118.0000,BACKGROUND,X-3RD FLOOR.dwg,,
1,GFX_GROUP-22153,718.0000,0.0000,BACKGROUND,X-3RD FLOOR.dwg,,
1,GFX_GROUP-13220,718.0000,0.0000,BACKGROUND,X-3RD FLOOR.dwg,,
1,GFX_GROUP-22150,718.0000,0.0000,BACKGROUND,X-3RD FLOOR.dwg,,
1,GFX_GROUP-13321,1456.5000,219.5000,BACKGROUND,X-3RD FLOOR.dwg,,
1,GFX_GROUP-13226,718.0000,0.0000,BACKGROUND,X-3RD FLOOR.dwg,,
1,GFX_GROUP-22165,718.0000,0.0000,BACKGROUND,X-3RD FLOOR.dwg,,
1,GFX_GROUP-22176,718.0000,0.0000,BACKGROUND,X-3RD FLOOR.dwg,,
1,GFX_GROUP-22162,718.0000,0.0000,BACKGROUND,X-3RD FLOOR.dwg,,
1,GFX_GROUP-13223,718.0000,0.0000,BACKGROUND,X-3RD FLOOR.dwg,,
1,GFX_GROUP-22161,718.0000,0.0000,BACKGROUND,X-3RD FLOOR.dwg,,
1,GFX_LINKED-13321,1456.5000,219.5000,SMOKE DETECTOR,X-3RD FLOOR.dwg,,2:M4-43-0
1,GFX_GROUP-12297,1896.5000,199.5000,BACKGROUND,X-3RD FLOOR.dwg,,
1,GFX_LINKED-12315,1576.5000,59.5000,SMOKE DETECTOR,X-3RD FLOOR.dwg,,2:M4-36-0
1,GFX_LINKED-12297,1896.5000,199.5000,SMOKE DETECTOR,X-3RD FLOOR.dwg,,2:M4-22-0
1,GFX_LINKED-12294,1776.5000,219.5000,SMOKE DETECTOR,X-3RD FLOOR.dwg,,2:M4-31-0
1,GFX_GROUP-12294,1776.5000,219.5000,BACKGROUND,X-3RD FLOOR.dwg,,
1,GFX_LINKED-12312,2056.5000,59.5000,SMOKE DETECTOR,X-3RD FLOOR.dwg,,2:M4-17-0
1,GFX_GROUP-12312,2056.5000,59.5000,BACKGROUND,X-3RD FLOOR.dwg,,
1,GFX_GROUP-12324,1696.5000,59.5000,BACKGROUND,X-3RD FLOOR.dwg,,
1,GFX_GROUP-12315,1576.5000,59.5000,BACKGROUND,X-3RD FLOOR.dwg,,
1,GFX_LINKED-12324,1696.5000,59.5000,SMOKE DETECTOR,X-3RD FLOOR.dwg,,2:M4-32-0
1,GFX_GROUP-26896,1436.0000,-960.0000,BACKGROUND,X-3RD FLOOR.dwg,,
1,GFX_GROUP-14403,1420.5000,-370.5000,BACKGROUND,X-3RD FLOOR.dwg,,
1,GFX_GROUP-11860,1436.0000,-480.0000,BACKGROUND,X-3RD FLOOR.dwg,,
1,GFX_LINKED-14403,1420.5000,-370.5000,SMOKE DETECTOR,X-3RD FLOOR.dwg,,2:M1-64-0
1,GFX_LINKED-14397,1220.5000,-370.5000,SMOKE DETECTOR,X-3RD FLOOR.dwg,,2:M1-63-0
1,GFX_GROUP-14397,1220.5000,-370.5000,BACKGROUND,X-3RD FLOOR.dwg,,
1,GFX_GROUP-11873,1436.0000,-480.0000,BACKGROUND,X-3RD FLOOR.dwg,,
1,GFX_GROUP-11877,1436.0000,-480.0000,BACKGROUND,X-3RD FLOOR.dwg,,
1,GFX_GROUP-11863,1436.0000,-480.0000,BACKGROUND,X-3RD FLOOR.dwg,,
1,GFX_GROUP-11861,1436.0000,-480.0000,BACKGROUND,X-3RD FLOOR.dwg,,
1,GFX_GROUP-11864,1436.0000,-480.0000,BACKGROUND,X-3RD FLOOR.dwg,,
1,GFX_GROUP-29340,1400.5000,-230.5000,BACKGROUND,X-3RD FLOOR.dwg,,
1,GFX_LINKED-24666,1198.5000,-225.5000,SMOKE DETECTOR,X-3RD FLOOR.dwg,,2:M4-50-0
1,GFX_GROUP-24666,1198.5000,-225.5000,BACKGROUND,X-3RD FLOOR.dwg,,
1,GFX_GROUP-29285,1218.5000,-289.5000,BACKGROUND,X-3RD FLOOR.dwg,,
1,GFX_GROUP-29276,1398.5000,-400.5000,BACKGROUND,X-3RD FLOOR.dwg,,
1,GFX_LINKED-29285,1218.5000,-289.5000,SMOKE DETECTOR,X-3RD FLOOR.dwg,,2:M1-25-0
1,GFX_GROUP-29191,1293.0000,-324.0000,BACKGROUND,X-3RD FLOOR.dwg,,
1,GFX_LINKED-29340,1400.5000,-230.5000,SMOKE DETECTOR,X-3RD FLOOR.dwg,,2:M4-48-0
1,GFX_LINKED-29191,1293.0000,-324.0000,PULL STATION,X-3RD FLOOR.dwg,,2:M1-20-0
1,GFX_LINKED-29331,1238.5000,-400.5000,SMOKE DETECTOR,X-3RD FLOOR.dwg,,2:M1-24-0
1,GFX_GROUP-29331,1238.5000,-400.5000,BACKGROUND,X-3RD FLOOR.dwg,,
1,GFX_LINKED-29816,1776.5000,-40.5000,SMOKE DETECTOR,X-3RD FLOOR.dwg,,2:M4-29-0
1,GFX_GROUP-29816,1776.5000,-40.5000,BACKGROUND,X-3RD FLOOR.dwg,,
1,GFX_GROUP-29825,1756.5000,-160.5000,BACKGROUND,X-3RD FLOOR.dwg,,
1,GFX_GROUP-29822,1716.5000,-100.5000,BACKGROUND,X-3RD FLOOR.dwg,,
1,GFX_LINKED-29825,1756.5000,-160.5000,SMOKE DETECTOR,X-3RD FLOOR.dwg,,Color Link: 2:M4-24-0
1,GFX_GROUP-29856,1896.5000,-60.5000,BACKGROUND,X-3RD FLOOR.dwg,,
1,GFX_LINKED-29819,1896.5000,-160.5000,SMOKE DETECTOR,X-3RD FLOOR.dwg,,Color Link: 2:M4-104-0
1,GFX_LINKED-29856,1896.5000,-60.5000,SMOKE DETECTOR,X-3RD FLOOR.dwg,,Color Link: 2:M4-105-0
1,GFX_LINKED-29859,1836.5000,-40.5000,SMOKE DETECTOR,X-3RD FLOOR.dwg,,2:M4-28-0
1,GFX_GROUP-29859,1836.5000,-40.5000,BACKGROUND,X-3RD FLOOR.dwg,,
1,GFX_LINKED-29822,1716.5000,-100.5000,SMOKE DETECTOR,X-3RD FLOOR.dwg,,2:M4-25-0
1,GFX_GROUP-29807,1456.5000,-56.4553,BACKGROUND,X-3RD FLOOR.dwg,,
1,GFX_LINKED-29790,1536.5000,-220.5000,SMOKE DETECTOR,X-3RD FLOOR.dwg,,Color Link: 2:M4-34-0
1,GFX_LINKED-29807,1456.5000,-56.4553,SMOKE DETECTOR,X-3RD FLOOR.dwg,,2:M4-35-0
1,GFX_LINKED-29770,1476.5000,-340.5000,SMOKE DETECTOR,X-3RD FLOOR.dwg,,Color Link: 2:M1-22-0
1,GFX_GROUP-29770,1476.5000,-340.5000,BACKGROUND,X-3RD FLOOR.dwg,,
1,GFX_LINKED-29831,1656.5000,-160.5000,SMOKE DETECTOR,X-3RD FLOOR.dwg,,Color Link: 2:M4-26-0
1,GFX_GROUP-29831,1656.5000,-160.5000,BACKGROUND,X-3RD FLOOR.dwg,,
1,GFX_GROUP-29828,1656.5000,-60.5000,BACKGROUND,X-3RD FLOOR.dwg,,
1,GFX_GROUP-29790,1536.5000,-220.5000,BACKGROUND,X-3RD FLOOR.dwg,,
1,GFX_LINKED-29828,1656.5000,-60.5000,SMOKE DETECTOR,X-3RD FLOOR.dwg,,2:M4-27-0
1,GFX_LINKED-29276,1398.5000,-400.5000,SMOKE DETECTOR,X-3RD FLOOR.dwg,,2:M1-23-0
1,GFX_GROUP-26991,718.0000,-480.0000,BACKGROUND,X-3RD FLOOR.dwg,,
1,GFX_GROUP-14672,718.0000,-480.0000,BACKGROUND,X-3RD FLOOR.dwg,,
1,GFX_GROUP-26913,718.0000,-480.0000,BACKGROUND,X-3RD FLOOR.dwg,,
1,GFX_GROUP-26358,718.0000,-480.0000,BACKGROUND,X-3RD FLOOR.dwg,,
1,GFX_GROUP-26436,718.0000,-480.0000,BACKGROUND,X-3RD FLOOR.dwg,,
1,GFX_GROUP-14685,718.0000,-480.0000,BACKGROUND,X-3RD FLOOR.dwg,,
1,GFX_GROUP-14686,718.0000,-480.0000,BACKGROUND,X-3RD FLOOR.dwg,,
1,GFX_GROUP-14684,718.0000,-480.0000,BACKGROUND,X-3RD FLOOR.dwg,,
1,GFX_GROUP-14680,718.0000,-480.0000,BACKGROUND,X-3RD FLOOR.dwg,,
1,GFX_GROUP-14683,718.0000,-480.0000,BACKGROUND,X-3RD FLOOR.dwg,,
1,GFX_GROUP-2707,657.5000,-13.5000,BACKGROUND,X-3RD FLOOR.dwg,,
1,GFX_LINKED-7397,565.5000,-148.5000,SMOKE DETECTOR,X-3RD FLOOR.dwg,,2:M1-88-0
1,GFX_GROUP-7397,565.5000,-148.5000,BACKGROUND,X-3RD FLOOR.dwg,,
1,GFX_GROUP-23740,296.5000,-40.5000,BACKGROUND,X-3RD FLOOR.dwg,,
1,GFX_GROUP-9638,582.5000,-404.5000,BACKGROUND,X-3RD FLOOR.dwg,,
1,GFX_LINKED-23740,296.5000,-40.5000,SMOKE DETECTOR,X-3RD FLOOR.dwg,,2:M1-60-0
1,GFX_GROUP-23772,700.5000,-40.5000,BACKGROUND,X-3RD FLOOR.dwg,,
1,GFX_LINKED-2707,657.5000,-13.5000,SMOKE DETECTOR,X-3RD FLOOR.dwg,,2:M1-74-0
1,GFX_LINKED-23772,700.5000,-40.5000,SMOKE DETECTOR,X-3RD FLOOR.dwg,,2:M4-69-0
1,GFX_LINKED-2701,578.5000,-376.5000,SMOKE DETECTOR,X-3RD FLOOR.dwg,,2:M1-65-0
1,GFX_GROUP-2701,578.5000,-376.5000,BACKGROUND,X-3RD FLOOR.dwg,,
1,GFX_GROUP-29300,1458.5000,-120.5000,BACKGROUND,X-3RD FLOOR.dwg,,
1,GFX_LINKED-29306,1418.5000,-120.5000,SMOKE DETECTOR,X-3RD FLOOR.dwg,,2:M4-42-0
1,GFX_LINKED-29300,1458.5000,-120.5000,SMOKE DETECTOR,X-3RD FLOOR.dwg,,2:M4-40-0
1,GFX_LINKED-29315,1418.5000,-80.5000,SMOKE DETECTOR,X-3RD FLOOR.dwg,,2:M4-106-0
1,GFX_GROUP-29315,1418.5000,-80.5000,BACKGROUND,X-3RD FLOOR.dwg,,
1,GFX_LINKED-29291,1178.5000,-380.5000,SMOKE DETECTOR,X-3RD FLOOR.dwg,,2:M1-21-0
1,GFX_GROUP-29291,1178.5000,-380.5000,BACKGROUND,X-3RD FLOOR.dwg,,
1,GFX_GROUP-24659,1458.5000,-80.5000,BACKGROUND,X-3RD FLOOR.dwg,,
1,GFX_GROUP-29306,1418.5000,-120.5000,BACKGROUND,X-3RD FLOOR.dwg,,
1,GFX_LINKED-24659,1458.5000,-80.5000,SMOKE DETECTOR,X-3RD FLOOR.dwg,,2:M4-41-0
1,GFX_GROUP-627,718.0000,-480.0000,BACKGROUND,X-3RD FLOOR.dwg,,
1,GFX_GROUP-14698,718.0000,-480.0000,BACKGROUND,X-3RD FLOOR.dwg,,
1,GFX_GROUP-14704,718.0000,-480.0000,BACKGROUND,X-3RD FLOOR.dwg,,
1,GFX_GROUP-14694,718.0000,-480.0000,BACKGROUND,X-3RD FLOOR.dwg,,
1,GFX_GROUP-14690,718.0000,-480.0000,BACKGROUND,X-3RD FLOOR.dwg,,
1,GFX_GROUP-14693,718.0000,-480.0000,BACKGROUND,X-3RD FLOOR.dwg,,
1,GFX_GROUP-14732,718.0000,-480.0000,BACKGROUND,X-3RD FLOOR.dwg,,
1,GFX_GROUP-624,718.0000,-480.0000,BACKGROUND,X-3RD FLOOR.dwg,,
1,GFX_GROUP-14726,718.0000,-480.0000,BACKGROUND,X-3RD FLOOR.dwg,,
1,GFX_GROUP-14710,718.0000,-480.0000,BACKGROUND,X-3RD FLOOR.dwg,,
1,GFX_GROUP-14722,718.0000,-480.0000,BACKGROUND,X-3RD FLOOR.dwg,,
1,GFX_GROUP-56955,718.0000,-960.0000,BACKGROUND,X-3RD FLOOR.dwg,,
1,GFX_GROUP-56961,718.0000,-960.0000,BACKGROUND,X-3RD FLOOR.dwg,,
1,GFX_GROUP-56951,718.0000,-960.0000,BACKGROUND,X-3RD FLOOR.dwg,,
1,GFX_GROUP-16425,524.5000,-516.5000,BACKGROUND,X-3RD FLOOR.dwg,,
1,GFX_GROUP-56349,718.0000,-960.0000,BACKGROUND,X-3RD FLOOR.dwg,,
1,GFX_GROUP-47881,718.0000,-960.0000,BACKGROUND,X-3RD FLOOR.dwg,,
1,GFX_GROUP-47883,718.0000,-960.0000,BACKGROUND,X-3RD FLOOR.dwg,,
1,GFX_GROUP-47841,718.0000,-960.0000,BACKGROUND,X-3RD FLOOR.dwg,,
1,GFX_GROUP-56967,718.0000,-960.0000,BACKGROUND,X-3RD FLOOR.dwg,,
1,GFX_GROUP-47839,718.0000,-960.0000,BACKGROUND,X-3RD FLOOR.dwg,,
1,GFX_LINKED-16425,524.5000,-516.5000,DUCT DETECTOR,X-3RD FLOOR.dwg,,2:M1-51-0
1,GFX_GROUP-16437,692.5000,-620.5000,BACKGROUND,X-3RD FLOOR.dwg,,
1,GFX_LINKED-33246,545.5000,-492.5000,SMOKE DETECTOR,X-3RD FLOOR.dwg,,2:M1-54-0
1,GFX_LINKED-16437,692.5000,-620.5000,SMOKE DETECTOR,X-3RD FLOOR.dwg,,2:M1-91-0
1,GFX_LINKED-33235,588.0000,-598.0000,PULL STATION,X-3RD FLOOR.dwg,,2:M1-1-0
1,GFX_GROUP-33235,588.0000,-598.0000,BACKGROUND,X-3RD FLOOR.dwg,,
1,GFX_LINKED-16431,582.5000,-516.5000,DUCT DETECTOR,X-3RD FLOOR.dwg,,2:M1-52-0
1,GFX_GROUP-16431,582.5000,-516.5000,BACKGROUND,X-3RD FLOOR.dwg,,
1,GFX_GROUP-16419,552.5000,-516.5000,BACKGROUND,X-3RD FLOOR.dwg,,
1,GFX_GROUP-33246,545.5000,-492.5000,BACKGROUND,X-3RD FLOOR.dwg,,
1,GFX_LINKED-16419,552.5000,-516.5000,DUCT DETECTOR,X-3RD FLOOR.dwg,,2:M1-53-0
1,GFX_GROUP-11631,818.5000,-520.5000,BACKGROUND,X-3RD FLOOR.dwg,,
1,GFX_GROUP-59020,1436.0000,-960.0000,BACKGROUND,X-3RD FLOOR.dwg,,
1,GFX_LINKED-11631,818.5000,-520.5000,SMOKE DETECTOR,X-3RD FLOOR.dwg,,2:M1-62-0
1,GFX_LINKED-35588,1183.5000,-507.5000,SMOKE DETECTOR,X-3RD FLOOR.dwg,,2:M1-89-0
1,GFX_GROUP-35588,1183.5000,-507.5000,BACKGROUND,X-3RD FLOOR.dwg,,
1,GFX_GROUP-8720,1436.0000,-960.0000,BACKGROUND,X-3RD FLOOR.dwg,,
1,GFX_GROUP-17793,1436.0000,-960.0000,BACKGROUND,X-3RD FLOOR.dwg,,
1,GFX_GROUP-60301,1436.0000,-960.0000,BACKGROUND,X-3RD FLOOR.dwg,,
1,GFX_GROUP-59100,1436.0000,-960.0000,BACKGROUND,X-3RD FLOOR.dwg,,
1,GFX_GROUP-60221,1436.0000,-960.0000,BACKGROUND,X-3RD FLOOR.dwg,,
1,GFX_GROUP-35495,1138.5000,-500.5000,BACKGROUND,X-3RD FLOOR.dwg,,
1,GFX_GROUP-16969,718.0000,-960.0000,BACKGROUND,X-3RD FLOOR.dwg,,
1,GFX_GROUP-17014,718.0000,-960.0000,BACKGROUND,X-3RD FLOOR.dwg,,
1,GFX_GROUP-7212,718.0000,-960.0000,BACKGROUND,X-3RD FLOOR.dwg,,
1,GFX_GROUP-47944,718.0000,-960.0000,BACKGROUND,X-3RD FLOOR.dwg,,
1,GFX_GROUP-47946,718.0000,-960.0000,BACKGROUND,X-3RD FLOOR.dwg,,
1,GFX_GROUP-35483,1420.0000,-730.0000,BACKGROUND,X-3RD FLOOR.dwg,,
1,GFX_LINKED-35495,1138.5000,-500.5000,SMOKE DETECTOR,X-3RD FLOOR.dwg,,2:M1-90-0
1,GFX_LINKED-35483,1420.0000,-730.0000,TAMPER SWITCH,X-3RD FLOOR.dwg,,2:M1-18-0
1,GFX_LINKED-35506,1394.0000,-730.0000,WATER FLOW,X-3RD FLOOR.dwg,,2:M1-19-0
1,GFX_GROUP-35506,1394.0000,-730.0000,BACKGROUND,X-3RD FLOOR.dwg,,
1,GFX_GROUP-33238,236.0000,-530.0000,BACKGROUND,X-3RD FLOOR.dwg,,
1,GFX_GROUP-22165,2154.0000,-480.0000,BACKGROUND,X-3RD FLOOR.dwg,,
1,GFX_GROUP-22341,2154.0000,-480.0000,BACKGROUND,X-3RD FLOOR.dwg,,
1,GFX_GROUP-22043,2154.0000,-480.0000,BACKGROUND,X-3RD FLOOR.dwg,,
1,GFX_GROUP-21533,2154.0000,-480.0000,BACKGROUND,X-3RD FLOOR.dwg,,
1,GFX_GROUP-21709,2154.0000,-480.0000,BACKGROUND,X-3RD FLOOR.dwg,,
1,GFX_GROUP-31363,2234.5000,-60.5000,BACKGROUND,X-3RD FLOOR.dwg,,
1,GFX_LINKED-30402,2234.5000,-145.5000,SMOKE DETECTOR,X-3RD FLOOR.dwg,,2:M4-103-0
1,GFX_LINKED-31363,2234.5000,-60.5000,SMOKE DETECTOR,X-3RD FLOOR.dwg,,2:M4-102-0
1,GFX_GROUP-5952,2154.0000,-480.0000,BACKGROUND,X-3RD FLOOR.dwg,,
1,GFX_GROUP-6040,2154.0000,-480.0000,BACKGROUND,X-3RD FLOOR.dwg,,
1,GFX_GROUP-29777,1992.5000,-258.5000,BACKGROUND,X-3RD FLOOR.dwg,,
1,GFX_LINKED-29783,2116.5000,-40.5000,SMOKE DETECTOR,X-3RD FLOOR.dwg,,Color Link: 2:M4-19-0
1,GFX_GROUP-29783,2116.5000,-40.5000,BACKGROUND,X-3RD FLOOR.dwg,,
1,GFX_GROUP-29804,2016.5000,-80.5000,BACKGROUND,X-3RD FLOOR.dwg,,
1,GFX_GROUP-29819,1896.5000,-160.5000,BACKGROUND,X-3RD FLOOR.dwg,,
1,GFX_LINKED-29804,2016.5000,-80.5000,SMOKE DETECTOR,X-3RD FLOOR.dwg,,2:M4-21-0
1,GFX_GROUP-29787,2116.5000,-140.5000,BACKGROUND,X-3RD FLOOR.dwg,,
1,GFX_LINKED-29777,1992.5000,-258.5000,DUCT DETECTOR,X-3RD FLOOR.dwg,,Color Link: 2:M1-93-0
1,GFX_LINKED-29787,2116.5000,-140.5000,SMOKE DETECTOR,X-3RD FLOOR.dwg,,2:M4-18-0
1,GFX_LINKED-29793,2016.5000,-140.5000,SMOKE DETECTOR,X-3RD FLOOR.dwg,,2:M4-20-0
1,GFX_GROUP-29793,2016.5000,-140.5000,BACKGROUND,X-3RD FLOOR.dwg,,
1,GFX_GROUP-54045,0.0000,-960.0000,BACKGROUND,X-3RD FLOOR.dwg,,
1,GFX_GROUP-54618,0.0000,-960.0000,BACKGROUND,X-3RD FLOOR.dwg,,
1,GFX_GROUP-53966,0.0000,-960.0000,BACKGROUND,X-3RD FLOOR.dwg,,
1,GFX_LINKED-12233,2434.5000,-186.5000,SMOKE DETECTOR,X-3RD FLOOR.dwg,,2:M4-120-0
1,GFX_GROUP-12233,2434.5000,-186.5000,BACKGROUND,X-3RD FLOOR.dwg,,
1,GFX_GROUP-33241,262.0000,-530.0000,BACKGROUND,X-3RD FLOOR.dwg,,
1,GFX_LINKED-33238,236.0000,-530.0000,WATER FLOW,X-3RD FLOOR.dwg,,2:M1-5-0
1,GFX_LINKED-33241,262.0000,-530.0000,TAMPER SWITCH,X-3RD FLOOR.dwg,,2:M1-6-0
1,GFX_GROUP-54697,0.0000,-960.0000,BACKGROUND,X-3RD FLOOR.dwg,,
1,GFX_GROUP-10068,0.0000,-960.0000,BACKGROUND,X-3RD FLOOR.dwg,,
1,GFX_GROUP-30412,2431.5000,-134.5000,BACKGROUND,X-3RD FLOOR.dwg,,
1,GFX_LINKED-31352,2330.5000,-95.5000,DUCT DETECTOR,X-3RD FLOOR.dwg,,2:M4-5-0
1,GFX_GROUP-31352,2330.5000,-95.5000,BACKGROUND,X-3RD FLOOR.dwg,,
1,GFX_GROUP-31358,2301.5000,-95.5000,BACKGROUND,X-3RD FLOOR.dwg,,
1,GFX_GROUP-30402,2234.5000,-145.5000,BACKGROUND,X-3RD FLOOR.dwg,,
1,GFX_LINKED-31358,2301.5000,-95.5000,DUCT DETECTOR,X-3RD FLOOR.dwg,,2:M4-4-0
1,GFX_GROUP-30409,2434.5000,-60.5000,BACKGROUND,X-3RD FLOOR.dwg,,
1,GFX_LINKED-30412,2431.5000,-134.5000,SMOKE DETECTOR,X-3RD FLOOR.dwg,,2:M4-2-0
1,GFX_LINKED-30409,2434.5000,-60.5000,SMOKE DETECTOR,X-3RD FLOOR.dwg,,2:M4-1-0
1,GFX_LINKED-30431,2316.5000,-122.5000,SMOKE DETECTOR,X-3RD FLOOR.dwg,,2:M4-3-0
1,GFX_GROUP-30431,2316.5000,-122.5000,BACKGROUND,X-3RD FLOOR.dwg,,
